$ node scripts/rebuild-node-abi.mjs && VITEST_MAX_WORKERS=${VITEST_MAX_WORKERS:-3} turbo run test --continue --concurrency=${ACORN_TEST_CONCURRENCY:-6} --env-mode=loose
• turbo 2.9.18

   • Packages in scope: @acorn/arch-tests, @acorn/cli, @acorn/client-core, @acorn/custody, @acorn/dashboards-core, @acorn/desktop, @acorn/diff-document, @acorn/node, @acorn/node-core, @acorn/plugin-agent-cost, @acorn/plugin-agents, @acorn/plugin-api, @acorn/plugin-browser, @acorn/plugin-changes, @acorn/plugin-context, @acorn/plugin-database, @acorn/plugin-docker, @acorn/plugin-editor, @acorn/plugin-findings, @acorn/plugin-github, @acorn/plugin-http, @acorn/plugin-linear, @acorn/plugin-memory, @acorn/plugin-model-providers, @acorn/plugin-nodes-file, @acorn/plugin-notes, @acorn/plugin-onboarding, @acorn/plugin-preview, @acorn/plugin-rollbar, @acorn/plugin-sentry-telemetry, @acorn/plugin-terminal, @acorn/plugin-workflows, @acorn/protocol, @acorn/tui, acorn-plugin-sdk, acorn-plugin-types, create-acorn-plugin
   • Running test in 37 packages
   • Remote caching disabled, using shared worktree cache

@acorn/arch-tests:test: cache bypass, force executing ee3b197b36292e1f
@acorn/client-core:test: cache miss, executing 4f714e93aaaea1a5
@acorn/diff-document:test: cache hit, replaying logs 7573201b5b992d29
@acorn/diff-document:test: $ vitest run
@acorn/diff-document:test: 
@acorn/diff-document:test:  RUN  v4.1.11 /Users/jamesmacfie/Source/acorn/apps/node/.acorn/worktrees/jamesmacfie-acorn-test-audit/packages/diff-document
@acorn/diff-document:test: 
@acorn/diff-document:test: 
@acorn/diff-document:test:  Test Files  2 passed (2)
@acorn/diff-document:test:       Tests  18 passed (18)
@acorn/diff-document:test:    Start at  22:39:53
@acorn/diff-document:test:    Duration  1.50s (transform 291ms, setup 0ms, import 446ms, tests 992ms, environment 0ms)
@acorn/diff-document:test: 
@acorn/protocol:test: cache hit, replaying logs 34fe64ddcf397447
@acorn/dashboards-core:test: cache hit, replaying logs 494a13082df2c641
@acorn/protocol:test: $ vitest run
@acorn/protocol:test: 
@acorn/protocol:test:  RUN  v4.1.11 /Users/jamesmacfie/Source/acorn/apps/node/.acorn/worktrees/jamesmacfie-acorn-test-audit/packages/protocol
@acorn/protocol:test: 
@acorn/protocol:test: 
@acorn/protocol:test:  Test Files  35 passed (35)
@acorn/protocol:test:       Tests  275 passed (275)
@acorn/protocol:test:    Start at  22:39:53
@acorn/protocol:test:    Duration  3.98s (transform 3.00s, setup 0ms, import 5.37s, tests 426ms, environment 2ms)
@acorn/protocol:test: 
@acorn/dashboards-core:test: $ vitest run
@acorn/dashboards-core:test: 
@acorn/dashboards-core:test:  RUN  v4.1.11 /Users/jamesmacfie/Source/acorn/apps/node/.acorn/worktrees/jamesmacfie-acorn-test-audit/packages/dashboards-core
@acorn/dashboards-core:test: 
@acorn/dashboards-core:test: 
@acorn/dashboards-core:test:  Test Files  10 passed (10)
@acorn/dashboards-core:test:       Tests  206 passed (206)
@acorn/dashboards-core:test:    Start at  22:39:56
@acorn/dashboards-core:test:    Duration  1.36s (transform 1.24s, setup 0ms, import 1.81s, tests 227ms, environment 1ms)
@acorn/dashboards-core:test: 
@acorn/node-core:test: cache hit, replaying logs a3e2d6a5cfedf3ad
@acorn/node-core:test: $ vitest run
@acorn/node-core:test: 
@acorn/node-core:test:  RUN  v4.1.11 /Users/jamesmacfie/Source/acorn/apps/node/.acorn/worktrees/jamesmacfie-acorn-performance/packages/node-core
@acorn/node-core:test: 
@acorn/node-core:test: (node:18873) ExperimentalWarning: The flag --allow-net is under experimental phase.
@acorn/node-core:test: (Use `node --trace-warnings ...` to show where the warning was created)
@acorn/node-core:test: (node:18873) ExperimentalWarning: The flag --allow-net is under experimental phase.
@acorn/node-core:test: (Use `node --trace-warnings ...` to show where the warning was created)
@acorn/node-core:test: 
@acorn/node-core:test:  Test Files  139 passed (139)
@acorn/node-core:test:       Tests  1415 passed (1415)
@acorn/node-core:test:    Start at  10:43:07
@acorn/node-core:test:    Duration  73.12s (transform 7.17s, setup 0ms, import 104.72s, tests 68.45s, environment 12ms)
@acorn/node-core:test: 
create-acorn-plugin:test: cache hit, replaying logs ba28651ce844aedd
create-acorn-plugin:test: $ vitest run
create-acorn-plugin:test: 
create-acorn-plugin:test:  RUN  v4.1.11 /Users/jamesmacfie/Source/acorn/apps/node/.acorn/worktrees/jamesmacfie-acorn-performance/packages/create-acorn-plugin
create-acorn-plugin:test: 
create-acorn-plugin:test: 
create-acorn-plugin:test:  Test Files  2 passed (2)
create-acorn-plugin:test:       Tests  18 passed (18)
create-acorn-plugin:test:    Start at  10:43:07
create-acorn-plugin:test:    Duration  16.67s (transform 1.34s, setup 0ms, import 1.99s, tests 15.23s, environment 0ms)
create-acorn-plugin:test: 
acorn-plugin-types:test: cache hit, replaying logs b0fda7c3ef110060
@acorn/custody:test: cache hit, replaying logs 3c28fb35edeca2d3
acorn-plugin-types:test: $ vitest run
acorn-plugin-types:test: 
acorn-plugin-types:test:  RUN  v4.1.11 /Users/jamesmacfie/Source/acorn/apps/node/.acorn/worktrees/jamesmacfie-acorn-performance/packages/plugin-types
acorn-plugin-types:test: 
acorn-plugin-types:test: 
acorn-plugin-types:test:  Test Files  3 passed (3)
acorn-plugin-types:test:       Tests  5 passed (5)
acorn-plugin-types:test:    Start at  10:43:07
acorn-plugin-types:test:    Duration  1.76s (transform 1.10s, setup 0ms, import 2.58s, tests 70ms, environment 0ms)
acorn-plugin-types:test: 
@acorn/custody:test: $ vitest run
@acorn/custody:test: 
@acorn/custody:test:  RUN  v4.1.11 /Users/jamesmacfie/Source/acorn/apps/node/.acorn/worktrees/jamesmacfie-acorn-performance/packages/custody
@acorn/custody:test: 
@acorn/custody:test: ...+......+++++++++++++++++++++++++++++++++++++++*.+.....+...............+...+...+....+............+.........+.....+......+.+.....+.......+...+..+...+.............+.........+++++++++++++++++++++++++++++++++++++++*.+.+.....+...+.+...+..+.+............++++++
@acorn/custody:test: .........+...+..+....+..+...+++++++++++++++++++++++++++++++++++++++*.......+......+++++++++++++++++++++++++++++++++++++++*.+........+......+..........+.....+...+.+..+........................+.........+.+......+..+...+.......+........+...+..........+..+...+....+......+..+....+.....+...+...+............+.+......+...+..+.+..+............+...............+...+......+.......+...............+.....+....+........+.............+...+..............+.......+.........+.....+....+..+.+.....+.......+...+.....+...+....+.................+......+...+....+...+........+....+..+.+..+.......+.....+...+......+.........+............+.........+....+.....+...+....+.....+....+..+....+...+.....+.......+.........+...........+...............+.+........+....+...........+..........+...........+......+...............+..........+...+.....+................+.....+.+........+.+...+........+...+.........+.......+...+..+...++++++
@acorn/custody:test: -----
@acorn/custody:test: tar: Could not pack extended attributes: Operation not supported
@acorn/custody:test: 
@acorn/custody:test:  Test Files  15 passed (15)
@acorn/custody:test:       Tests  167 passed (167)
@acorn/custody:test:    Start at  10:43:07
@acorn/custody:test:    Duration  10.70s (transform 3.25s, setup 0ms, import 7.34s, tests 19.57s, environment 1ms)
@acorn/custody:test: 
@acorn/plugin-api:test: cache hit, replaying logs ad6c50295bab8691
@acorn/cli:test: cache bypass, force executing 5dd0af593015d45e
@acorn/plugin-api:test: $ vitest run
@acorn/plugin-api:test: 
@acorn/plugin-api:test:  RUN  v4.1.11 /Users/jamesmacfie/Source/acorn/apps/node/.acorn/worktrees/jamesmacfie-acorn-performance/packages/plugin-api
@acorn/plugin-api:test: 
@acorn/plugin-api:test: (node:18968) ExperimentalWarning: localStorage is not available because --localstorage-file was not provided.
@acorn/plugin-api:test: (Use `node --trace-warnings ...` to show where the warning was created)
@acorn/plugin-api:test: (node:18970) ExperimentalWarning: localStorage is not available because --localstorage-file was not provided.
@acorn/plugin-api:test: (Use `node --trace-warnings ...` to show where the warning was created)
@acorn/plugin-api:test: 
@acorn/plugin-api:test:  Test Files  3 passed (3)
@acorn/plugin-api:test:       Tests  14 passed (14)
@acorn/plugin-api:test:    Start at  10:43:10
@acorn/plugin-api:test:    Duration  5.36s (transform 6.12s, setup 0ms, import 3.42s, tests 5.08s, environment 0ms)
@acorn/plugin-api:test: 
@acorn/plugin-sentry-telemetry:test: cache hit, replaying logs e857335971ffe55d
@acorn/plugin-context:test: cache hit, replaying logs 7b77f5d20bb2e848
@acorn/plugin-browser:test: cache hit, replaying logs d982e77eecf3e888
@acorn/plugin-sentry-telemetry:test: $ vitest run
@acorn/plugin-sentry-telemetry:test: 
@acorn/plugin-sentry-telemetry:test:  RUN  v4.1.11 /Users/jamesmacfie/Source/acorn/apps/node/.acorn/worktrees/jamesmacfie-acorn-performance/plugins/sentry-telemetry
@acorn/plugin-sentry-telemetry:test: 
@acorn/plugin-sentry-telemetry:test: 
@acorn/plugin-sentry-telemetry:test:  Test Files  10 passed (10)
@acorn/plugin-sentry-telemetry:test:       Tests  112 passed (112)
@acorn/plugin-sentry-telemetry:test:    Start at  10:43:19
@acorn/plugin-sentry-telemetry:test:    Duration  6.43s (transform 9.59s, setup 24ms, import 14.75s, tests 342ms, environment 842ms)
@acorn/plugin-sentry-telemetry:test: 
@acorn/plugin-context:test: $ vitest run
@acorn/plugin-context:test: 
@acorn/plugin-context:test:  RUN  v4.1.11 /Users/jamesmacfie/Source/acorn/apps/node/.acorn/worktrees/jamesmacfie-acorn-performance/plugins/context
@acorn/plugin-context:test: 
@acorn/plugin-context:test: (node:28749) ExperimentalWarning: localStorage is not available because --localstorage-file was not provided.
@acorn/plugin-context:test: (Use `node --trace-warnings ...` to show where the warning was created)
@acorn/plugin-context:test: (node:28750) ExperimentalWarning: localStorage is not available because --localstorage-file was not provided.
@acorn/plugin-context:test: (Use `node --trace-warnings ...` to show where the warning was created)
@acorn/plugin-context:test: (node:28751) ExperimentalWarning: localStorage is not available because --localstorage-file was not provided.
@acorn/plugin-context:test: (Use `node --trace-warnings ...` to show where the warning was created)
@acorn/plugin-context:test: 
@acorn/plugin-context:test:  Test Files  4 passed (4)
@acorn/plugin-context:test:       Tests  14 passed (14)
@acorn/plugin-context:test:    Start at  10:43:29
@acorn/plugin-context:test:    Duration  3.74s (transform 7.41s, setup 0ms, import 9.46s, tests 32ms, environment 0ms)
@acorn/plugin-context:test: 
@acorn/plugin-browser:test: $ vitest run
@acorn/plugin-browser:test: 
@acorn/plugin-browser:test:  RUN  v4.1.11 /Users/jamesmacfie/Source/acorn/apps/node/.acorn/worktrees/jamesmacfie-acorn-performance/plugins/browser
@acorn/plugin-browser:test: 
@acorn/plugin-browser:test: 
@acorn/plugin-browser:test:  Test Files  5 passed | 1 skipped (6)
@acorn/plugin-browser:test:       Tests  31 passed | 1 skipped (32)
@acorn/plugin-browser:test:    Start at  10:43:36
@acorn/plugin-browser:test:    Duration  5.00s (transform 5.95s, setup 0ms, import 9.20s, tests 288ms, environment 0ms)
@acorn/plugin-browser:test: 
@acorn/plugin-model-providers:test: cache hit, replaying logs e0488933d8c3ea27
acorn-plugin-sdk:test: cache hit, replaying logs 74cdc72fb51f2f13
@acorn/plugin-model-providers:test: $ vitest run
@acorn/plugin-model-providers:test: 
@acorn/plugin-model-providers:test:  RUN  v4.1.11 /Users/jamesmacfie/Source/acorn/apps/node/.acorn/worktrees/jamesmacfie-acorn-performance/plugins/model-providers
@acorn/plugin-model-providers:test: 
@acorn/plugin-model-providers:test: 
@acorn/plugin-model-providers:test:  Test Files  1 passed (1)
@acorn/plugin-model-providers:test:       Tests  14 passed (14)
@acorn/plugin-model-providers:test:    Start at  10:43:35
@acorn/plugin-model-providers:test:    Duration  4.93s (transform 3.22s, setup 0ms, import 4.48s, tests 161ms, environment 0ms)
@acorn/plugin-model-providers:test: 
acorn-plugin-sdk:test: $ vitest run
acorn-plugin-sdk:test: 
acorn-plugin-sdk:test:  RUN  v4.1.11 /Users/jamesmacfie/Source/acorn/apps/node/.acorn/worktrees/jamesmacfie-acorn-performance/packages/plugin-sdk
acorn-plugin-sdk:test: 
acorn-plugin-sdk:test: 
@acorn/plugin-linear:test: cache hit, replaying logs 69fed1362196d982
acorn-plugin-sdk:test:  Test Files  1 passed (1)
acorn-plugin-sdk:test:       Tests  2 passed (2)
acorn-plugin-sdk:test:    Start at  10:43:47
acorn-plugin-sdk:test:    Duration  482ms (transform 129ms, setup 0ms, import 179ms, tests 2ms, environment 0ms)
acorn-plugin-sdk:test: 
@acorn/plugin-linear:test: $ vitest run
@acorn/plugin-linear:test: 
@acorn/plugin-linear:test:  RUN  v4.1.11 /Users/jamesmacfie/Source/acorn/apps/node/.acorn/worktrees/jamesmacfie-acorn-performance/plugins/linear
@acorn/plugin-linear:test: 
@acorn/plugin-linear:test: 
@acorn/plugin-linear:test:  Test Files  8 passed (8)
@acorn/plugin-linear:test:       Tests  52 passed (52)
@acorn/plugin-linear:test:    Start at  10:43:41
@acorn/plugin-linear:test:    Duration  7.14s (transform 15.18s, setup 0ms, import 19.00s, tests 105ms, environment 0ms)
@acorn/plugin-linear:test: 
@acorn/plugin-editor:test: cache hit, replaying logs 0c71c99442351ca0
@acorn/plugin-editor:test: $ vitest run
@acorn/plugin-editor:test: 
@acorn/plugin-editor:test:  RUN  v4.1.11 /Users/jamesmacfie/Source/acorn/apps/node/.acorn/worktrees/jamesmacfie-acorn-performance/plugins/editor
@acorn/plugin-editor:test: 
@acorn/plugin-editor:test: (node:28706) ExperimentalWarning: localStorage is not available because --localstorage-file was not provided.
@acorn/plugin-editor:test: (Use `node --trace-warnings ...` to show where the warning was created)
@acorn/plugin-editor:test: (node:28745) ExperimentalWarning: localStorage is not available because --localstorage-file was not provided.
@acorn/plugin-editor:test: (Use `node --trace-warnings ...` to show where the warning was created)
@acorn/plugin-editor:test: (node:28753) ExperimentalWarning: localStorage is not available because --localstorage-file was not provided.
@acorn/plugin-editor:test: (Use `node --trace-warnings ...` to show where the warning was created)
@acorn/plugin-editor:test: (node:29041) ExperimentalWarning: localStorage is not available because --localstorage-file was not provided.
@acorn/plugin-editor:test: (Use `node --trace-warnings ...` to show where the warning was created)
@acorn/plugin-editor:test: 
@acorn/plugin-editor:test:  Test Files  12 passed (12)
@acorn/plugin-editor:test:       Tests  58 passed (58)
@acorn/plugin-editor:test:    Start at  10:43:16
@acorn/plugin-editor:test:    Duration  15.77s (transform 24.80s, setup 98ms, import 33.22s, tests 5.23s, environment 1.72s)
@acorn/plugin-editor:test: 
@acorn/plugin-rollbar:test: cache hit, replaying logs 4f3dfb39c92af427
@acorn/plugin-rollbar:test: $ vitest run
@acorn/plugin-rollbar:test: 
@acorn/plugin-rollbar:test:  RUN  v4.1.11 /Users/jamesmacfie/Source/acorn/apps/node/.acorn/worktrees/jamesmacfie-acorn-performance/plugins/rollbar
@acorn/plugin-rollbar:test: 
@acorn/plugin-rollbar:test: 
@acorn/plugin-rollbar:test:  Test Files  10 passed (10)
@acorn/plugin-rollbar:test:       Tests  60 passed (60)
@acorn/plugin-rollbar:test:    Start at  10:43:41
@acorn/plugin-rollbar:test:    Duration  9.64s (transform 11.66s, setup 119ms, import 21.31s, tests 156ms, environment 3.66s)
@acorn/plugin-rollbar:test: 
@acorn/plugin-nodes-file:test: cache hit, replaying logs 9543a7870dc8f69c
@acorn/plugin-nodes-file:test: $ vitest run
@acorn/plugin-nodes-file:test: 
@acorn/plugin-nodes-file:test:  RUN  v4.1.11 /Users/jamesmacfie/Source/acorn/apps/node/.acorn/worktrees/jamesmacfie-acorn-performance/plugins/nodes-file
@acorn/plugin-nodes-file:test: 
@acorn/plugin-nodes-file:test: 
@acorn/plugin-nodes-file:test:  Test Files  1 passed (1)
@acorn/plugin-nodes-file:test:       Tests  5 passed (5)
@acorn/plugin-nodes-file:test:    Start at  10:43:45
@acorn/plugin-nodes-file:test:    Duration  460ms (transform 111ms, setup 0ms, import 201ms, tests 11ms, environment 0ms)
@acorn/plugin-nodes-file:test: 
@acorn/plugin-onboarding:test: cache hit, replaying logs 86c1f7a63b7a461b
@acorn/plugin-onboarding:test: $ vitest run
@acorn/plugin-onboarding:test: 
@acorn/plugin-onboarding:test:  RUN  v4.1.11 /Users/jamesmacfie/Source/acorn/apps/node/.acorn/worktrees/jamesmacfie-acorn-performance/plugins/onboarding
@acorn/plugin-onboarding:test: 
@acorn/plugin-onboarding:test: (node:30575) ExperimentalWarning: localStorage is not available because --localstorage-file was not provided.
@acorn/plugin-onboarding:test: (Use `node --trace-warnings ...` to show where the warning was created)
@acorn/plugin-onboarding:test: 
@acorn/plugin-onboarding:test:  Test Files  4 passed (4)
@acorn/plugin-onboarding:test:       Tests  16 passed (16)
@acorn/plugin-onboarding:test:    Start at  10:43:34
@acorn/plugin-onboarding:test:    Duration  12.79s (transform 22.87s, setup 82ms, import 29.45s, tests 67ms, environment 1.62s)
@acorn/plugin-onboarding:test: 
@acorn/plugin-agent-cost:test: cache hit, replaying logs b9724a597571abfd
@acorn/plugin-notes:test: cache hit, replaying logs 32d591f9ed8fa015
@acorn/plugin-agent-cost:test: $ vitest run
@acorn/plugin-agent-cost:test: 
@acorn/plugin-agent-cost:test:  RUN  v4.1.11 /Users/jamesmacfie/Source/acorn/apps/node/.acorn/worktrees/jamesmacfie-acorn-performance/plugins/agent-cost
@acorn/plugin-agent-cost:test: 
@acorn/plugin-agent-cost:test: (node:31541) ExperimentalWarning: localStorage is not available because --localstorage-file was not provided.
@acorn/plugin-agent-cost:test: (Use `node --trace-warnings ...` to show where the warning was created)
@acorn/plugin-agent-cost:test: 
@acorn/plugin-agent-cost:test:  Test Files  3 passed (3)
@acorn/plugin-agent-cost:test:       Tests  8 passed (8)
@acorn/plugin-agent-cost:test:    Start at  10:43:49
@acorn/plugin-agent-cost:test:    Duration  2.10s (transform 1.54s, setup 0ms, import 1.99s, tests 14ms, environment 0ms)
@acorn/plugin-agent-cost:test: 
@acorn/plugin-notes:test: $ vitest run
@acorn/plugin-notes:test: 
@acorn/plugin-notes:test:  RUN  v4.1.11 /Users/jamesmacfie/Source/acorn/apps/node/.acorn/worktrees/jamesmacfie-acorn-performance/plugins/notes
@acorn/plugin-notes:test: 
@acorn/plugin-notes:test: (node:29398) ExperimentalWarning: localStorage is not available because --localstorage-file was not provided.
@acorn/plugin-notes:test: (Use `node --trace-warnings ...` to show where the warning was created)
@acorn/plugin-notes:test: (node:29674) ExperimentalWarning: localStorage is not available because --localstorage-file was not provided.
@acorn/plugin-notes:test: (Use `node --trace-warnings ...` to show where the warning was created)
@acorn/plugin-notes:test: (node:30582) ExperimentalWarning: localStorage is not available because --localstorage-file was not provided.
@acorn/plugin-notes:test: (Use `node --trace-warnings ...` to show where the warning was created)
@acorn/plugin-notes:test: (node:30676) ExperimentalWarning: localStorage is not available because --localstorage-file was not provided.
@acorn/plugin-notes:test: (Use `node --trace-warnings ...` to show where the warning was created)
@acorn/plugin-notes:test: 
@acorn/plugin-notes:test:  Test Files  9 passed (9)
@acorn/plugin-notes:test:       Tests  42 passed (42)
@acorn/plugin-notes:test:    Start at  10:43:25
@acorn/plugin-notes:test:    Duration  13.77s (transform 24.92s, setup 79ms, import 31.21s, tests 325ms, environment 1.69s)
@acorn/plugin-notes:test: 
@acorn/plugin-terminal:test: cache hit, replaying logs b7c65f7a8c6da668
@acorn/plugin-terminal:test: $ vitest run
@acorn/plugin-terminal:test: 
@acorn/plugin-terminal:test:  RUN  v4.1.11 /Users/jamesmacfie/Source/acorn/apps/node/.acorn/worktrees/jamesmacfie-acorn-performance/plugins/terminal
@acorn/plugin-terminal:test: 
@acorn/plugin-terminal:test: (node:32183) ExperimentalWarning: localStorage is not available because --localstorage-file was not provided.
@acorn/plugin-terminal:test: (Use `node --trace-warnings ...` to show where the warning was created)
@acorn/plugin-terminal:test: (node:32275) ExperimentalWarning: localStorage is not available because --localstorage-file was not provided.
@acorn/plugin-terminal:test: (Use `node --trace-warnings ...` to show where the warning was created)
@acorn/plugin-terminal:test: (node:32851) ExperimentalWarning: localStorage is not available because --localstorage-file was not provided.
@acorn/plugin-terminal:test: (Use `node --trace-warnings ...` to show where the warning was created)
@acorn/plugin-terminal:test: (node:32946) ExperimentalWarning: localStorage is not available because --localstorage-file was not provided.
@acorn/plugin-terminal:test: (Use `node --trace-warnings ...` to show where the warning was created)
@acorn/plugin-terminal:test: (node:32963) ExperimentalWarning: localStorage is not available because --localstorage-file was not provided.
@acorn/plugin-terminal:test: (Use `node --trace-warnings ...` to show where the warning was created)
@acorn/plugin-terminal:test: 
@acorn/plugin-terminal:test:  Test Files  28 passed (28)
@acorn/plugin-terminal:test:       Tests  189 passed (189)
@acorn/plugin-terminal:test:    Start at  10:43:48
@acorn/plugin-terminal:test:    Duration  27.69s (transform 33.05s, setup 360ms, import 53.54s, tests 4.66s, environment 7.60s)
@acorn/plugin-terminal:test: 
@acorn/plugin-docker:test: cache hit, replaying logs 2ea9c41ba62da0f5
@acorn/plugin-docker:test: $ vitest run
@acorn/plugin-docker:test: 
@acorn/plugin-docker:test:  RUN  v4.1.11 /Users/jamesmacfie/Source/acorn/apps/node/.acorn/worktrees/jamesmacfie-acorn-performance/plugins/docker
@acorn/plugin-docker:test: 
@acorn/plugin-docker:test: (node:31704) ExperimentalWarning: localStorage is not available because --localstorage-file was not provided.
@acorn/plugin-docker:test: (Use `node --trace-warnings ...` to show where the warning was created)
@acorn/plugin-docker:test: (node:32098) ExperimentalWarning: localStorage is not available because --localstorage-file was not provided.
@acorn/plugin-docker:test: (Use `node --trace-warnings ...` to show where the warning was created)
@acorn/plugin-docker:test: (node:32136) ExperimentalWarning: localStorage is not available because --localstorage-file was not provided.
@acorn/plugin-docker:test: (Use `node --trace-warnings ...` to show where the warning was created)
@acorn/plugin-docker:test: 
@acorn/plugin-docker:test:  Test Files  13 passed (13)
@acorn/plugin-docker:test:       Tests  89 passed (89)
@acorn/plugin-docker:test:    Start at  10:43:52
@acorn/plugin-docker:test:    Duration  13.84s (transform 26.04s, setup 46ms, import 26.54s, tests 6.83s, environment 1.57s)
@acorn/plugin-docker:test: 
@acorn/plugin-preview:test: cache hit, replaying logs 395bac4f5c39c715
@acorn/plugin-preview:test: $ vitest run
@acorn/plugin-agents:test: cache miss, executing 0d35711633988947
@acorn/plugin-preview:test: 
@acorn/plugin-preview:test:  RUN  v4.1.11 /Users/jamesmacfie/Source/acorn/apps/node/.acorn/worktrees/jamesmacfie-acorn-performance/plugins/preview
@acorn/plugin-preview:test: 
@acorn/plugin-preview:test: 
@acorn/plugin-preview:test:  Test Files  5 passed (5)
@acorn/plugin-preview:test:       Tests  18 passed (18)
@acorn/plugin-preview:test:    Start at  10:43:50
@acorn/plugin-preview:test:    Duration  10.04s (transform 9.02s, setup 140ms, import 9.65s, tests 1.12s, environment 1.44s)
@acorn/plugin-preview:test: 
@acorn/plugin-github:test: cache miss, executing 12905f6934477dde
@acorn/plugin-changes:test: cache miss, executing 6b6ec161343fc716
@acorn/client-core:test: $ vitest run
@acorn/arch-tests:test: $ vitest run
@acorn/cli:test: $ vitest run
@acorn/plugin-agents:test: $ vitest run
@acorn/plugin-github:test: $ vitest run
@acorn/plugin-changes:test: $ vitest run
@acorn/cli:test: 
@acorn/arch-tests:test: 
@acorn/cli:test:  RUN  v4.1.11 /Users/jamesmacfie/Source/acorn/apps/node/.acorn/worktrees/jamesmacfie-acorn-performance/apps/cli
@acorn/cli:test: 
@acorn/arch-tests:test:  RUN  v4.1.11 /Users/jamesmacfie/Source/acorn/apps/node/.acorn/worktrees/jamesmacfie-acorn-performance/tools/arch
@acorn/arch-tests:test: 
@acorn/client-core:test: 
@acorn/client-core:test:  RUN  v4.1.11 /Users/jamesmacfie/Source/acorn/apps/node/.acorn/worktrees/jamesmacfie-acorn-performance/packages/client-core
@acorn/client-core:test: 
@acorn/plugin-agents:test: 
@acorn/plugin-agents:test:  RUN  v4.1.11 /Users/jamesmacfie/Source/acorn/apps/node/.acorn/worktrees/jamesmacfie-acorn-performance/plugins/agents
@acorn/plugin-agents:test: 
@acorn/plugin-github:test: 
@acorn/plugin-github:test:  RUN  v4.1.11 /Users/jamesmacfie/Source/acorn/apps/node/.acorn/worktrees/jamesmacfie-acorn-performance/plugins/github
@acorn/plugin-github:test: 
@acorn/plugin-changes:test: 
@acorn/plugin-changes:test:  RUN  v4.1.11 /Users/jamesmacfie/Source/acorn/apps/node/.acorn/worktrees/jamesmacfie-acorn-performance/plugins/changes
@acorn/plugin-changes:test: 
@acorn/arch-tests:test: 
@acorn/arch-tests:test:  Test Files  8 passed (8)
@acorn/arch-tests:test:       Tests  74 passed (74)
@acorn/arch-tests:test:    Start at  12:58:15
@acorn/arch-tests:test:    Duration  7.76s (transform 209ms, setup 0ms, import 2.65s, tests 9.40s, environment 0ms)
@acorn/arch-tests:test: 
@acorn/plugin-workflows:test: cache miss, executing cddd2092cbc20e8d
@acorn/client-core:test:  ❯ |hosts| src/features/diff/DiffPane.test.tsx (12 tests | 1 failed) 5193ms
@acorn/client-core:test:      × draws colour a timeout decided, and colours it again on the next visit 596ms
@acorn/plugin-workflows:test: $ vitest run
@acorn/plugin-workflows:test: 
@acorn/plugin-workflows:test:  RUN  v4.1.11 /Users/jamesmacfie/Source/acorn/apps/node/.acorn/worktrees/jamesmacfie-acorn-performance/plugins/workflows
@acorn/plugin-workflows:test: 
@acorn/plugin-changes:test: 
@acorn/plugin-changes:test:  Test Files  14 passed (14)
@acorn/plugin-changes:test:       Tests  237 passed (237)
@acorn/plugin-changes:test:    Start at  12:58:15
@acorn/plugin-changes:test:    Duration  19.87s (transform 3.70s, setup 78ms, import 15.09s, tests 21.69s, environment 6.01s)
@acorn/plugin-changes:test: 
 WARNING  IO error: Operation not permitted (os error 1)
@acorn/plugin-findings:test: cache miss, executing f10c17cf3fa16c9a
@acorn/plugin-github:test: 
@acorn/plugin-github:test:  Test Files  38 passed (38)
@acorn/plugin-github:test:       Tests  211 passed (211)
@acorn/plugin-github:test:    Start at  12:58:15
@acorn/plugin-github:test:    Duration  20.81s (transform 5.04s, setup 49ms, import 43.40s, tests 4.21s, environment 5.96s)
@acorn/plugin-github:test: 
@acorn/plugin-findings:test: $ vitest run
 WARNING  IO error: Operation not permitted (os error 1)
@acorn/plugin-http:test: cache miss, executing 24e642db96cebe6d
@acorn/plugin-http:test: $ vitest run
@acorn/plugin-findings:test: 
@acorn/plugin-findings:test:  RUN  v4.1.11 /Users/jamesmacfie/Source/acorn/apps/node/.acorn/worktrees/jamesmacfie-acorn-performance/plugins/findings
@acorn/plugin-findings:test: 
@acorn/plugin-http:test: 
@acorn/plugin-http:test:  RUN  v4.1.11 /Users/jamesmacfie/Source/acorn/apps/node/.acorn/worktrees/jamesmacfie-acorn-performance/plugins/http
@acorn/plugin-http:test: 
@acorn/cli:test:  ❯ src/supervision/lifecycle.test.ts (4 tests | 4 failed) 23741ms
@acorn/cli:test:      × serializes racing starts, hands off the token privately, and survives the launching command 4758ms
@acorn/cli:test:      × refuses to stop a PID whose authenticated instance no longer matches its record 5934ms
@acorn/cli:test:      × reports a manually started standalone Node as running-unowned 6164ms
@acorn/cli:test:      × releases the startup claim after a child exits before readiness 6883ms
@acorn/cli:test: 
@acorn/cli:test: ⎯⎯⎯⎯⎯⎯⎯ Failed Tests 4 ⎯⎯⎯⎯⎯⎯⎯
@acorn/cli:test: 
@acorn/cli:test:  FAIL  src/supervision/lifecycle.test.ts > CLI-owned local Node > serializes racing starts, hands off the token privately, and survives the launching command
@acorn/cli:test: Error: Node exited before readiness (code 1); see /var/folders/p3/_132ztkn2fx2vf3jvckj0lgr0000gn/T/acorn-cli-service-XG19D2/custody/services/91bd5d646e967dc2990b5af8.log.
@acorn/cli:test:  ❯ ChildProcess.<anonymous> src/supervision/lifecycle.ts:143:64
@acorn/cli:test:     141|       lines.close()
@acorn/cli:test:     142|     })
@acorn/cli:test:     143|     child.once('exit', (code) => { clearTimeout(timer); reject(new Err…
@acorn/cli:test:        |                                                                ^
@acorn/cli:test:     144|     child.once('error', (error) => { clearTimeout(timer); reject(error…
@acorn/cli:test:     145|   })
@acorn/cli:test: 
@acorn/cli:test: ⎯⎯⎯⎯⎯⎯⎯⎯⎯⎯⎯⎯⎯⎯⎯⎯⎯⎯⎯⎯⎯⎯⎯⎯[1/4]⎯
@acorn/cli:test: 
@acorn/cli:test:  FAIL  src/supervision/lifecycle.test.ts > CLI-owned local Node > refuses to stop a PID whose authenticated instance no longer matches its record
@acorn/cli:test: Error: Node exited before readiness (code 1); see /var/folders/p3/_132ztkn2fx2vf3jvckj0lgr0000gn/T/acorn-cli-service-BpzfQX/custody/services/31fefe415cfbca3d986f5236.log.
@acorn/cli:test:  ❯ ChildProcess.<anonymous> src/supervision/lifecycle.ts:143:64
@acorn/cli:test:     141|       lines.close()
@acorn/cli:test:     142|     })
@acorn/cli:test:     143|     child.once('exit', (code) => { clearTimeout(timer); reject(new Err…
@acorn/cli:test:        |                                                                ^
@acorn/cli:test:     144|     child.once('error', (error) => { clearTimeout(timer); reject(error…
@acorn/cli:test:     145|   })
@acorn/cli:test: 
@acorn/cli:test: ⎯⎯⎯⎯⎯⎯⎯⎯⎯⎯⎯⎯⎯⎯⎯⎯⎯⎯⎯⎯⎯⎯⎯⎯[2/4]⎯
@acorn/cli:test: 
@acorn/cli:test:  FAIL  src/supervision/lifecycle.test.ts > CLI-owned local Node > reports a manually started standalone Node as running-unowned
@acorn/cli:test: Error: Manual Node exited before readiness (1).
@acorn/cli:test:  ❯ ChildProcess.<anonymous> src/supervision/lifecycle.test.ts:90:45
@acorn/cli:test:      88|         catch { /* startup log, not the handshake */ }
@acorn/cli:test:      89|       })
@acorn/cli:test:      90|       manual!.once('exit', (code) => reject(new Error(`Manual Node exi…
@acorn/cli:test:        |                                             ^
@acorn/cli:test:      91|     })
@acorn/cli:test:      92|     expect((await nodeServiceStatus(dataDir)).state).toBe('running-uno…
@acorn/cli:test: 
@acorn/cli:test: ⎯⎯⎯⎯⎯⎯⎯⎯⎯⎯⎯⎯⎯⎯⎯⎯⎯⎯⎯⎯⎯⎯⎯⎯[3/4]⎯
@acorn/cli:test: 
@acorn/cli:test:  FAIL  src/supervision/lifecycle.test.ts > CLI-owned local Node > releases the startup claim after a child exits before readiness
@acorn/cli:test: Error: Node exited before readiness (code 1); see /var/folders/p3/_132ztkn2fx2vf3jvckj0lgr0000gn/T/acorn-cli-service-5a88Wc/custody/services/a198bffa6a8887f2534fef86.log.
@acorn/cli:test:  ❯ ChildProcess.<anonymous> src/supervision/lifecycle.ts:143:64
@acorn/cli:test:     141|       lines.close()
@acorn/cli:test:     142|     })
@acorn/cli:test:     143|     child.once('exit', (code) => { clearTimeout(timer); reject(new Err…
@acorn/cli:test:        |                                                                ^
@acorn/cli:test:     144|     child.once('error', (error) => { clearTimeout(timer); reject(error…
@acorn/cli:test:     145|   })
@acorn/cli:test: 
@acorn/cli:test: ⎯⎯⎯⎯⎯⎯⎯⎯⎯⎯⎯⎯⎯⎯⎯⎯⎯⎯⎯⎯⎯⎯⎯⎯[4/4]⎯
@acorn/cli:test: 
@acorn/cli:test: 
@acorn/cli:test:  Test Files  1 failed | 7 passed (8)
@acorn/cli:test:       Tests  4 failed | 37 passed (41)
@acorn/cli:test:    Start at  12:58:15
@acorn/cli:test:    Duration  29.91s (transform 11.36s, setup 0ms, import 14.71s, tests 23.82s, environment 0ms)
@acorn/cli:test: 
@acorn/cli:test:  ELIFECYCLE  Test failed. See above for more details.
@acorn/cli#test:  WARNING  command finished with error, but continuing...
@acorn/plugin-database:test: cache miss, executing 8d7060323d630131
@acorn/plugin-database:test: $ vitest run
@acorn/plugin-database:test: 
@acorn/plugin-database:test:  RUN  v4.1.11 /Users/jamesmacfie/Source/acorn/apps/node/.acorn/worktrees/jamesmacfie-acorn-performance/plugins/database
@acorn/plugin-database:test: 
@acorn/plugin-findings:test: 
@acorn/plugin-findings:test:  Test Files  10 passed (10)
@acorn/plugin-findings:test:       Tests  47 passed (47)
@acorn/plugin-findings:test:    Start at  12:58:37
@acorn/plugin-findings:test:    Duration  9.35s (transform 5.44s, setup 42ms, import 19.92s, tests 2.71s, environment 3.28s)
@acorn/plugin-findings:test: 
 WARNING  IO error: Operation not permitted (os error 1)
@acorn/plugin-memory:test: cache miss, executing 79629c161b941bc9
@acorn/plugin-http:test: 
@acorn/plugin-http:test:  Test Files  11 passed (11)
@acorn/plugin-http:test:       Tests  128 passed (128)
@acorn/plugin-http:test:    Start at  12:58:38
@acorn/plugin-http:test:    Duration  8.79s (transform 3.77s, setup 281ms, import 12.24s, tests 4.46s, environment 4.26s)
@acorn/plugin-http:test: 
@acorn/node:test: cache miss, executing 1221ae64093f80e6
 WARNING  IO error: Operation not permitted (os error 1)
@acorn/plugin-memory:test: $ vitest run
@acorn/node:test: $ vitest run
@acorn/node:test: 
@acorn/node:test:  RUN  v4.1.11 /Users/jamesmacfie/Source/acorn/apps/node/.acorn/worktrees/jamesmacfie-acorn-performance/apps/node
@acorn/node:test: 
@acorn/plugin-memory:test: 
@acorn/plugin-memory:test:  RUN  v4.1.11 /Users/jamesmacfie/Source/acorn/apps/node/.acorn/worktrees/jamesmacfie-acorn-performance/plugins/memory
@acorn/plugin-memory:test: 
@acorn/plugin-database:test: 
@acorn/plugin-database:test:  Test Files  9 passed (9)
@acorn/plugin-database:test:       Tests  90 passed (90)
@acorn/plugin-database:test:    Start at  12:58:47
@acorn/plugin-database:test:    Duration  5.44s (transform 4.21s, setup 60ms, import 8.04s, tests 1.65s, environment 1.99s)
@acorn/plugin-database:test: 
 WARNING  IO error: Operation not permitted (os error 1)
@acorn/tui:test: cache miss, executing 071f5717fa3d79e0
@acorn/node:test: (node:27492) [PERM0002] SecurityWarning: The flag --allow-child-process must be used with extreme caution. It could invalidate the permission model.
@acorn/node:test: (Use `node --trace-warnings ...` to show where the warning was created)
@acorn/tui:test: $ vitest run
@acorn/plugin-agents:test:  ❯ |logic| src/server/sessions/footprint.test.ts (4 tests | 1 failed) 41ms
@acorn/plugin-agents:test:      × finds this test process in the real table 34ms
@acorn/node:test: (node:27492) [PERM0002] SecurityWarning: The flag --allow-child-process must be used with extreme caution. It could invalidate the permission model.
@acorn/node:test: (Use `node --trace-warnings ...` to show where the warning was created)
@acorn/tui:test: 
@acorn/tui:test:  RUN  v4.1.11 /Users/jamesmacfie/Source/acorn/apps/node/.acorn/worktrees/jamesmacfie-acorn-performance/apps/tui
@acorn/tui:test: 
@acorn/node:test: (node:27492) [PERM0002] SecurityWarning: The flag --allow-child-process must be used with extreme caution. It could invalidate the permission model.
@acorn/node:test: (Use `node --trace-warnings ...` to show where the warning was created)
@acorn/node:test: (node:27492) [PERM0002] SecurityWarning: The flag --allow-child-process must be used with extreme caution. It could invalidate the permission model.
@acorn/node:test: (Use `node --trace-warnings ...` to show where the warning was created)
@acorn/node:test: stderr | test/integration/lifecycle/serviceSpawn.test.ts > the service as a spawned child process > boots over IPC, reports its endpoint and pin, serves TLS, and drains on request
@acorn/node:test: [service] [service:boot] login-shell +0ms (0ms)
@acorn/node:test: 
@acorn/node:test: stderr | test/integration/lifecycle/serviceSpawn.test.ts > the service as a spawned child process > boots over IPC, reports its endpoint and pin, serves TLS, and drains on request
@acorn/node:test: [service] [service:boot] bundled-packages +15ms (15ms)
@acorn/node:test: 
@acorn/node:test: stderr | test/integration/lifecycle/serviceSpawn.test.ts > the service as a spawned child process > boots over IPC, reports its endpoint and pin, serves TLS, and drains on request
@acorn/node:test: [service] [service:boot] migrate +329ms (314ms)
@acorn/node:test: 
@acorn/node:test: stderr | test/integration/lifecycle/serviceSpawn.test.ts > the service as a spawned child process > boots over IPC, reports its endpoint and pin, serves TLS, and drains on request
@acorn/node:test: [service] [service:boot] graph +335ms (7ms)
@acorn/node:test: 
@acorn/node:test: stderr | test/integration/lifecycle/serviceSpawn.test.ts > the service as a spawned child process > boots over IPC, reports its endpoint and pin, serves TLS, and drains on request
@acorn/node:test: [service] [service:boot] plugin agents init +559ms (224ms)
@acorn/node:test: [service:boot] plugin browser init +559ms (0ms)
@acorn/node:test: [service:boot] plugin changes init +559ms (0ms)
@acorn/node:test: [service:boot] plugin docker init +559ms (0ms)
@acorn/node:test: [service:boot] plugin editor init +559ms (0ms)
@acorn/node:test: [service:boot] plugin notes init +560ms (1ms)
@acorn/node:test: [service:boot] plugin preview init +560ms (0ms)
@acorn/node:test: [service:boot] plugin terminal init +560ms (0ms)
@acorn/node:test: [service:boot] plugin workflows init +560ms (0ms)
@acorn/node:test: [service:boot] plugin github init +562ms (2ms)
@acorn/node:test: 
@acorn/node:test: stderr | test/integration/lifecycle/serviceSpawn.test.ts > the service as a spawned child process > boots over IPC, reports its endpoint and pin, serves TLS, and drains on request
@acorn/node:test: [service] [service:boot] plugin memory init +732ms (170ms)
@acorn/node:test: 
@acorn/node:test: stderr | test/integration/lifecycle/serviceSpawn.test.ts > the service as a spawned child process > boots over IPC, reports its endpoint and pin, serves TLS, and drains on request
@acorn/node:test: [service] [service:boot] install +734ms (2ms)
@acorn/node:test: 
@acorn/node:test: stderr | test/integration/lifecycle/serviceSpawn.test.ts > the service as a spawned child process > boots over IPC, reports its endpoint and pin, serves TLS, and drains on request
@acorn/node:test: [service] [service:boot] cert +736ms (1ms)
@acorn/node:test: 
@acorn/plugin-memory:test: 
@acorn/plugin-memory:test:  Test Files  8 passed (8)
@acorn/plugin-memory:test:       Tests  46 passed (46)
@acorn/plugin-memory:test:    Start at  12:58:48
@acorn/plugin-memory:test:    Duration  7.62s (transform 6.09s, setup 77ms, import 18.57s, tests 940ms, environment 1.40s)
@acorn/plugin-memory:test: 
@acorn/desktop:test: cache miss, executing 530c848cde935993
@acorn/desktop:test: $ pnpm run stage && pnpm run build:renderer && pnpm run test:built
@acorn/desktop:test: $ pnpm run build:service && pnpm run build:cli && pnpm run build:bundled-plugins && pnpm run build:helper && pnpm run build:bridge && node scripts/stage.mjs
@acorn/desktop:test: $ pnpm --filter @acorn/node build
@acorn/desktop:test: $ vite build && node scripts/check-service-budget.mjs
@acorn/node:test: (node:27492) [PERM0002] SecurityWarning: The flag --allow-child-process must be used with extreme caution. It could invalidate the permission model.
@acorn/node:test: (Use `node --trace-warnings ...` to show where the warning was created)
@acorn/desktop:test: vite v8.0.16 building ssr environment for production...
@acorn/desktop:test: [2K@acorn/desktop:test: transforming...✓ 1180 modules transformed.
@acorn/node:test: stderr | test/integration/lifecycle/serviceSpawn.test.ts > the service as a spawned child process > honours pairing, idempotency and revocation over the wire on a temp data root
@acorn/node:test: [service] [service:boot] teardown +754ms (19ms)
@acorn/node:test: 
@acorn/node:test: stderr | test/integration/lifecycle/serviceSpawn.test.ts > the service as a spawned child process > honours pairing, idempotency and revocation over the wire on a temp data root
@acorn/node:test: [service] [service:boot] login-shell +0ms (0ms)
@acorn/node:test: 
@acorn/node:test: stderr | test/integration/lifecycle/serviceSpawn.test.ts > the service as a spawned child process > honours pairing, idempotency and revocation over the wire on a temp data root
@acorn/node:test: [service] [service:boot] bundled-packages +16ms (16ms)
@acorn/node:test: 
@acorn/node:test: stderr | test/integration/lifecycle/serviceSpawn.test.ts > the service as a spawned child process > honours pairing, idempotency and revocation over the wire on a temp data root
@acorn/node:test: [service] [service:boot] migrate +253ms (237ms)
@acorn/node:test: 
@acorn/node:test: stderr | test/integration/lifecycle/serviceSpawn.test.ts > the service as a spawned child process > honours pairing, idempotency and revocation over the wire on a temp data root
@acorn/node:test: [service] [service:boot] graph +256ms (3ms)
@acorn/node:test: 
@acorn/node:test: stderr | test/integration/lifecycle/serviceSpawn.test.ts > the service as a spawned child process > honours pairing, idempotency and revocation over the wire on a temp data root
@acorn/node:test: [service] [service:boot] plugin agents init +315ms (59ms)
@acorn/node:test: [service:boot] plugin browser init +315ms (0ms)
@acorn/node:test: [service:boot] plugin changes init +315ms (0ms)
@acorn/node:test: [service:boot] plugin docker init +315ms (0ms)
@acorn/node:test: [service:boot] plugin editor init +315ms (0ms)
@acorn/node:test: 
@acorn/node:test: stderr | test/integration/lifecycle/serviceSpawn.test.ts > the service as a spawned child process > honours pairing, idempotency and revocation over the wire on a temp data root
@acorn/node:test: [service] [service:boot] plugin notes init +317ms (2ms)
@acorn/node:test: [service:boot] plugin preview init +317ms (0ms)
@acorn/node:test: [service:boot] plugin terminal init +317ms (0ms)
@acorn/node:test: [service:boot] plugin workflows init +317ms (0ms)
@acorn/node:test: 
@acorn/node:test: stderr | test/integration/lifecycle/serviceSpawn.test.ts > the service as a spawned child process > honours pairing, idempotency and revocation over the wire on a temp data root
@acorn/node:test: [service] [service:boot] plugin github init +320ms (3ms)
@acorn/node:test: 
@acorn/node:test: stderr | test/integration/lifecycle/serviceSpawn.test.ts > the service as a spawned child process > honours pairing, idempotency and revocation over the wire on a temp data root
@acorn/node:test: [service] [service:boot] plugin memory init +713ms (393ms)
@acorn/node:test: 
@acorn/node:test: stderr | test/integration/lifecycle/serviceSpawn.test.ts > the service as a spawned child process > honours pairing, idempotency and revocation over the wire on a temp data root
@acorn/node:test: [service] [service:boot] install +715ms (2ms)
@acorn/node:test: 
@acorn/node:test: stderr | test/integration/lifecycle/serviceSpawn.test.ts > the service as a spawned child process > honours pairing, idempotency and revocation over the wire on a temp data root
@acorn/node:test: [service] [service:boot] cert +717ms (2ms)
@acorn/node:test: 
@acorn/node:test: stderr | test/integration/lifecycle/serviceSpawn.test.ts > the service as a spawned child process > honours pairing, idempotency and revocation over the wire on a temp data root
@acorn/node:test: [service] [service:boot] teardown +745ms (28ms)
@acorn/node:test: 
@acorn/node:test:  ❯ test/integration/lifecycle/serviceSpawn.test.ts (3 tests | 2 failed) 10900ms
@acorn/node:test:      × boots over IPC, reports its endpoint and pin, serves TLS, and drains on request 3727ms
@acorn/node:test:      × honours pairing, idempotency and revocation over the wire on a temp data root 3488ms
@acorn/desktop:test: rendering chunks...
@acorn/node:test: (node:27492) [PERM0002] SecurityWarning: The flag --allow-child-process must be used with extreme caution. It could invalidate the permission model.
@acorn/node:test: (Use `node --trace-warnings ...` to show where the warning was created)
@acorn/desktop:test: dist/THIRD-PARTY-NOTICES.txt              52.01 kB
@acorn/desktop:test: dist/chunks/pluginRpc-TX8UpHuv.js          0.09 kB
@acorn/desktop:test: dist/chunks/wrapper-D7JA5gQn.js            0.15 kB
@acorn/desktop:test: dist/chunks/coerce-CUEn3XOB.js             0.26 kB
@acorn/desktop:test: dist/chunks/diagnostics-YlfwPPuf.js        1.09 kB
@acorn/desktop:test: dist/chunks/rpcOwnership-DFC5W1r9.js       1.13 kB
@acorn/desktop:test: dist/chunks/api-CdvezTNy.js                1.28 kB
@acorn/desktop:test: dist/chunks/chunk-CNf5ZN-e.js              1.79 kB
@acorn/desktop:test: dist/chunks/workerStorage-Dr3WltzT.js      2.78 kB
@acorn/desktop:test: dist/plugin-worker.js                      8.25 kB
@acorn/desktop:test: dist/service.js                           13.75 kB
@acorn/desktop:test: dist/standalone.js                        17.24 kB
@acorn/desktop:test: dist/chunks/acpSession-BwyMdCmL.js        27.78 kB
@acorn/desktop:test: dist/chunks/pluginRpc-HeIweddc.js         28.63 kB
@acorn/desktop:test: dist/mcp.js                               29.70 kB
@acorn/desktop:test: dist/chunks/primary-keys-DJHsbEJ8.js      44.82 kB
@acorn/desktop:test: dist/chunks/pluginDbFiles-BOaAjxSo.js    106.07 kB
@acorn/desktop:test: dist/archive-worker.js                   111.67 kB
@acorn/desktop:test: dist/chunks/wrapper-Bc51xDd9.js          114.75 kB
@acorn/desktop:test: dist/chunks/mcpProbe-DUZaL_wl.js         114.80 kB
@acorn/desktop:test: dist/chunks/acp-_24Rwg0n.js              167.73 kB
@acorn/desktop:test: dist/chunks/schemas-BMgPacMg.js          195.89 kB
@acorn/desktop:test: dist/chunks/contextBlock-PhQ0fpuJ.js     281.02 kB
@acorn/desktop:test: dist/chunks/stdio-DnwXIELh.js            365.04 kB
@acorn/desktop:test: dist/chunks/crash-Ctr5JC1m.js          2,296.74 kB
@acorn/desktop:test: 
@acorn/desktop:test: ✓ built in 855ms
@acorn/desktop:test: [service-budget] dist/service.js and 11 chunk(s): 3058654B (ceiling 3062000B)
@acorn/desktop:test: [service-budget] resolved at run time: @vscode/ripgrep, node-pty; on first use: playwright-core
@acorn/desktop:test: $ pnpm --filter @acorn/cli build
@acorn/desktop:test: $ vite build && node scripts/check-graph.mjs
@acorn/desktop:test: vite v8.0.16 building ssr environment for production...
@acorn/desktop:test: [2K@acorn/desktop:test: transforming...✓ 339 modules transformed.
@acorn/desktop:test: rendering chunks...
@acorn/desktop:test: computing gzip size...
@acorn/desktop:test: dist/archive-worker.js  111.67 kB │ gzip:  30.66 kB
@acorn/desktop:test: dist/cli.js             519.86 kB │ gzip: 113.63 kB
@acorn/desktop:test: 
@acorn/desktop:test: [33m[INEFFECTIVE_DYNAMIC_IMPORT] [0m../../node_modules/.pnpm/ws@8.21.0/node_modules/ws/wrapper.mjs is dynamically imported by ../../packages/node-core/src/server/transport/wsHub.ts but also statically imported by ../../packages/custody/src/broker/nodeBroker.ts, dynamic import will not move module into another chunk.
@acorn/desktop:test: 
@acorn/desktop:test: ✓ built in 157ms
@acorn/desktop:test: $ node scripts/build-bundled-plugins.mjs
@acorn/node:test:  ❯ test/integration/lifecycle/enrollment.test.ts (2 tests | 2 failed) 8ms
@acorn/node:test:      × appears in the inventory, and records what it is attached to 5ms
@acorn/node:test:      × writes nothing about a control plane when nobody provisioned it 2ms
@acorn/desktop:test: $ vite build && cp src/public.ts dist/sdk.d.ts && cp src/remote/public.ts dist/remote.d.ts
@acorn/desktop:test: vite v8.0.16 building client environment for production...
@acorn/desktop:test: [2K@acorn/desktop:test: transforming...✓ 22 modules transformed.
@acorn/desktop:test: rendering chunks...
@acorn/desktop:test: dist/remote.js                4.39 kB
@acorn/desktop:test: dist/remoteRoot-B3ZDpZa2.js   9.04 kB
@acorn/desktop:test: dist/sdk.js                  29.63 kB
@acorn/desktop:test: 
@acorn/desktop:test: ✓ built in 140ms
@acorn/node:test: stderr | src/composition/runtime.test.ts > supervised service runtime > migrates, listens over TLS, reconciles, and drains with no shell and no GitHub
@acorn/node:test: [service:boot] login-shell +0ms (0ms)
@acorn/node:test: [service:boot] bundled-packages +20ms (19ms)
@acorn/node:test: [service:boot] migrate +235ms (215ms)
@acorn/node:test: 
@acorn/node:test: stderr | src/composition/runtime.test.ts > supervised service runtime > migrates, listens over TLS, reconciles, and drains with no shell and no GitHub
@acorn/node:test: [service:boot] graph +240ms (5ms)
@acorn/node:test: 
@acorn/node:test: stderr | src/composition/runtime.test.ts > supervised service runtime > migrates, listens over TLS, reconciles, and drains with no shell and no GitHub
@acorn/node:test: [service:boot] plugin agents init +317ms (77ms)
@acorn/node:test: [service:boot] plugin browser init +317ms (0ms)
@acorn/node:test: [service:boot] plugin changes init +317ms (0ms)
@acorn/node:test: [service:boot] plugin docker init +317ms (0ms)
@acorn/node:test: [service:boot] plugin editor init +317ms (0ms)
@acorn/node:test: [service:boot] plugin notes init +318ms (1ms)
@acorn/node:test: [service:boot] plugin preview init +318ms (0ms)
@acorn/node:test: [service:boot] plugin terminal init +318ms (0ms)
@acorn/node:test: 
@acorn/node:test: stderr | src/composition/runtime.test.ts > supervised service runtime > migrates, listens over TLS, reconciles, and drains with no shell and no GitHub
@acorn/node:test: [service:boot] plugin workflows init +319ms (1ms)
@acorn/node:test: 
@acorn/node:test: stderr | src/composition/runtime.test.ts > supervised service runtime > migrates, listens over TLS, reconciles, and drains with no shell and no GitHub
@acorn/node:test: [service:boot] plugin github init +427ms (109ms)
@acorn/node:test: 
@acorn/node:test: stderr | src/composition/runtime.test.ts > supervised service runtime > migrates, listens over TLS, reconciles, and drains with no shell and no GitHub
@acorn/node:test: [service:boot] plugin memory init +554ms (127ms)
@acorn/node:test: 
@acorn/node:test: stderr | src/composition/runtime.test.ts > supervised service runtime > migrates, listens over TLS, reconciles, and drains with no shell and no GitHub
@acorn/node:test: [service:boot] install +558ms (4ms)
@acorn/node:test: [service:boot] cert +560ms (2ms)
@acorn/node:test: 
@acorn/node:test: stderr | src/composition/runtime.test.ts > supervised service runtime > migrates, listens over TLS, reconciles, and drains with no shell and no GitHub
@acorn/node:test: [service:boot] teardown +590ms (30ms)
@acorn/node:test: 
@acorn/node:test: stderr | src/composition/runtime.test.ts > supervised service runtime > binds a different port, and a different identity, per data root
@acorn/node:test: [service:boot] login-shell +0ms (0ms)
@acorn/node:test: [service:boot] bundled-packages +14ms (14ms)
@acorn/node:test: [service:boot] migrate +176ms (162ms)
@acorn/node:test: 
@acorn/node:test: stderr | src/composition/runtime.test.ts > supervised service runtime > binds a different port, and a different identity, per data root
@acorn/node:test: [service:boot] graph +178ms (2ms)
@acorn/node:test: 
@acorn/node:test: stderr | src/composition/runtime.test.ts > supervised service runtime > binds a different port, and a different identity, per data root
@acorn/node:test: [service:boot] plugin agents init +311ms (133ms)
@acorn/node:test: [service:boot] plugin browser init +311ms (0ms)
@acorn/node:test: [service:boot] plugin changes init +311ms (0ms)
@acorn/node:test: [service:boot] plugin docker init +311ms (0ms)
@acorn/node:test: [service:boot] plugin editor init +311ms (0ms)
@acorn/node:test: [service:boot] plugin notes init +312ms (0ms)
@acorn/node:test: [service:boot] plugin preview init +312ms (0ms)
@acorn/node:test: [service:boot] plugin terminal init +312ms (0ms)
@acorn/node:test: 
@acorn/node:test: stderr | src/composition/runtime.test.ts > supervised service runtime > binds a different port, and a different identity, per data root
@acorn/node:test: [service:boot] plugin workflows init +312ms (0ms)
@acorn/node:test: 
@acorn/node:test: stderr | src/composition/runtime.test.ts > supervised service runtime > binds a different port, and a different identity, per data root
@acorn/node:test: [service:boot] plugin github init +312ms (1ms)
@acorn/node:test: 
@acorn/node:test: stderr | src/composition/runtime.test.ts > supervised service runtime > binds a different port, and a different identity, per data root
@acorn/node:test: [service:boot] plugin memory init +474ms (161ms)
@acorn/node:test: 
@acorn/node:test: stderr | src/composition/runtime.test.ts > supervised service runtime > binds a different port, and a different identity, per data root
@acorn/node:test: [service:boot] install +475ms (2ms)
@acorn/node:test: [service:boot] cert +477ms (2ms)
@acorn/node:test: 
@acorn/node:test: stderr | src/composition/runtime.test.ts > supervised service runtime > binds a different port, and a different identity, per data root
@acorn/node:test: [service:boot] teardown +527ms (49ms)
@acorn/node:test: 
@acorn/node:test: stderr | src/composition/runtime.test.ts > supervised service runtime > reuses a remembered device token across restarts, and replaces an unknown one
@acorn/node:test: [service:boot] login-shell +0ms (0ms)
@acorn/node:test: [service:boot] bundled-packages +20ms (20ms)
@acorn/node:test: [service:boot] migrate +241ms (221ms)
@acorn/node:test: 
@acorn/node:test: stderr | src/composition/runtime.test.ts > supervised service runtime > reuses a remembered device token across restarts, and replaces an unknown one
@acorn/node:test: [service:boot] graph +242ms (1ms)
@acorn/node:test: 
@acorn/node:test: stderr | src/composition/runtime.test.ts > supervised service runtime > reuses a remembered device token across restarts, and replaces an unknown one
@acorn/node:test: [service:boot] plugin agents init +348ms (107ms)
@acorn/node:test: [service:boot] plugin browser init +348ms (0ms)
@acorn/node:test: [service:boot] plugin changes init +348ms (0ms)
@acorn/node:test: [service:boot] plugin docker init +348ms (0ms)
@acorn/node:test: [service:boot] plugin editor init +348ms (0ms)
@acorn/node:test: [service:boot] plugin notes init +349ms (0ms)
@acorn/node:test: [service:boot] plugin preview init +349ms (0ms)
@acorn/node:test: [service:boot] plugin terminal init +349ms (0ms)
@acorn/node:test: 
@acorn/node:test: stderr | src/composition/runtime.test.ts > supervised service runtime > reuses a remembered device token across restarts, and replaces an unknown one
@acorn/node:test: [service:boot] plugin workflows init +349ms (0ms)
@acorn/node:test: 
@acorn/node:test: stderr | src/composition/runtime.test.ts > supervised service runtime > reuses a remembered device token across restarts, and replaces an unknown one
@acorn/node:test: [service:boot] plugin github init +350ms (1ms)
@acorn/node:test: 
@acorn/node:test: stderr | src/composition/runtime.test.ts > supervised service runtime > reuses a remembered device token across restarts, and replaces an unknown one
@acorn/node:test: [service:boot] plugin memory init +868ms (518ms)
@acorn/node:test: 
@acorn/node:test: stderr | src/composition/runtime.test.ts > supervised service runtime > reuses a remembered device token across restarts, and replaces an unknown one
@acorn/node:test: [service:boot] install +875ms (7ms)
@acorn/node:test: [service:boot] cert +877ms (2ms)
@acorn/node:test: 
@acorn/node:test: stderr | src/composition/runtime.test.ts > supervised service runtime > reuses a remembered device token across restarts, and replaces an unknown one
@acorn/node:test: [service:boot] teardown +984ms (107ms)
@acorn/node:test: 
@acorn/node:test:  ❯ src/composition/runtime.test.ts (3 tests | 3 failed) 7904ms
@acorn/node:test:      × migrates, listens over TLS, reconciles, and drains with no shell and no GitHub 6380ms
@acorn/node:test:      × binds a different port, and a different identity, per data root 529ms
@acorn/node:test:      × reuses a remembered device token across restarts, and replaces an unknown one 988ms
@acorn/desktop:test: $ vite build && cp src/public.ts dist/sdk.d.ts && cp src/remote/public.ts dist/remote.d.ts
@acorn/desktop:test: vite v8.0.16 building client environment for production...
@acorn/node:test: stderr | test/integration/lifecycle/standaloneShutdown.test.ts > a standalone node drains on SIGTERM > exits cleanly, and releases the data root so the next start can take the lock
@acorn/node:test: [standalone] [plugins] ACORN_BUNDLED_PLUGINS_DIR is unset, so bundled packages are not reconciled. Whatever is in the data root keeps running.
@acorn/node:test: 
@acorn/node:test: stderr | test/integration/lifecycle/standaloneShutdown.test.ts > a standalone node drains on SIGTERM > exits cleanly, and releases the data root so the next start can take the lock
@acorn/node:test: [standalone] [crash] uncaughtException: Error: listen EPERM: operation not permitted 127.0.0.1     at Server.setupListenHandle [as _listen2] (node:net:2306:21)     at listenInCluster (node:net:2437:12)     at node:net:2666:7     at process.processTicksAndRejections (node:internal/process/task_queues:90:21)
@acorn/node:test: 
@acorn/node:test:  ❯ test/integration/lifecycle/standaloneShutdown.test.ts (1 test | 1 failed) 8128ms
@acorn/node:test:      × exits cleanly, and releases the data root so the next start can take the lock 8127ms
@acorn/desktop:test: [2K@acorn/desktop:test: transforming...✓ 22 modules transformed.
@acorn/desktop:test: rendering chunks...
@acorn/desktop:test: dist/remote.js                4.39 kB
@acorn/desktop:test: dist/remoteRoot-B3ZDpZa2.js   9.04 kB
@acorn/desktop:test: dist/sdk.js                  29.63 kB
@acorn/desktop:test: 
@acorn/desktop:test: ✓ built in 393ms
@acorn/desktop:test: [build-plugin] agent-cost -> /Users/jamesmacfie/Source/acorn/apps/node/.acorn/worktrees/jamesmacfie-acorn-performance/apps/desktop/dist/bundled-plugins/agent-cost
@acorn/desktop:test: [build-plugin] database -> /Users/jamesmacfie/Source/acorn/apps/node/.acorn/worktrees/jamesmacfie-acorn-performance/apps/desktop/dist/bundled-plugins/database
@acorn/desktop:test: [build-plugin] findings -> /Users/jamesmacfie/Source/acorn/apps/node/.acorn/worktrees/jamesmacfie-acorn-performance/apps/desktop/dist/bundled-plugins/findings
@acorn/plugin-workflows:test: 
@acorn/plugin-workflows:test:  Test Files  63 passed (63)
@acorn/plugin-workflows:test:       Tests  514 passed (514)
@acorn/plugin-workflows:test:    Start at  12:58:24
@acorn/plugin-workflows:test:    Duration  52.00s (transform 7.01s, setup 210ms, import 87.13s, tests 43.88s, environment 10.46s)
@acorn/plugin-workflows:test: 
@acorn/desktop:test: [build-plugin] http -> /Users/jamesmacfie/Source/acorn/apps/node/.acorn/worktrees/jamesmacfie-acorn-performance/apps/desktop/dist/bundled-plugins/http
@acorn/desktop:test: [build-plugin] linear -> /Users/jamesmacfie/Source/acorn/apps/node/.acorn/worktrees/jamesmacfie-acorn-performance/apps/desktop/dist/bundled-plugins/linear
@acorn/desktop:test: [build-plugin] model-providers -> /Users/jamesmacfie/Source/acorn/apps/node/.acorn/worktrees/jamesmacfie-acorn-performance/apps/desktop/dist/bundled-plugins/model-providers
@acorn/desktop:test: [build-plugin] rollbar -> /Users/jamesmacfie/Source/acorn/apps/node/.acorn/worktrees/jamesmacfie-acorn-performance/apps/desktop/dist/bundled-plugins/rollbar
@acorn/desktop:test: [build-plugin] sentry-telemetry -> /Users/jamesmacfie/Source/acorn/apps/node/.acorn/worktrees/jamesmacfie-acorn-performance/apps/desktop/dist/bundled-plugins/sentry-telemetry
@acorn/desktop:test: [bundled-plugins] 8 package(s) -> /Users/jamesmacfie/Source/acorn/apps/node/.acorn/worktrees/jamesmacfie-acorn-performance/apps/desktop/dist/bundled-plugins
@acorn/desktop:test: $ vite build --config vite.helper.config.ts
@acorn/desktop:test: vite v8.0.16 building ssr environment for production...
@acorn/desktop:test: [2K@acorn/desktop:test: transforming...✓ 396 modules transformed.
@acorn/desktop:test: rendering chunks...
@acorn/desktop:test: computing gzip size...
@acorn/desktop:test: dist/helper/helper-THIRD-PARTY-NOTICES.txt    3.66 kB │ gzip:   0.99 kB
@acorn/desktop:test: dist/helper/helper.js                       579.59 kB │ gzip: 136.66 kB
@acorn/desktop:test: 
@acorn/desktop:test: [33m[INEFFECTIVE_DYNAMIC_IMPORT] [0m../../node_modules/.pnpm/ws@8.21.0/node_modules/ws/wrapper.mjs is dynamically imported by ../../packages/node-core/src/server/transport/wsHub.ts but also statically imported by src/helper/helperServer.ts, ../../packages/custody/src/broker/nodeBroker.ts, ../../packages/custody/src/supervision/previewTunnel.ts, dynamic import will not move module into another chunk.
@acorn/desktop:test: 
@acorn/desktop:test: ✓ built in 1.16s
@acorn/desktop:test: $ vite build --config vite.bridge.config.ts
@acorn/desktop:test: vite v8.0.16 building client environment for production...
@acorn/desktop:test: [2K@acorn/desktop:test: transforming...✓ 119 modules transformed.
@acorn/desktop:test: rendering chunks...
@acorn/desktop:test: computing gzip size...
@acorn/desktop:test: dist/bridge/bridge.js  93.32 kB │ gzip: 27.65 kB
@acorn/desktop:test: 
@acorn/desktop:test: ✓ built in 1.40s
@acorn/desktop:test: (node:34018) [MODULE_TYPELESS_PACKAGE_JSON] Warning: Module type of file:///Users/jamesmacfie/Source/acorn/apps/node/.acorn/worktrees/jamesmacfie-acorn-performance/scripts/nodeRuntimePackages.ts is not specified and it doesn't parse as CommonJS.
@acorn/desktop:test: Reparsing as ES module because module syntax was detected. This incurs a performance overhead.
@acorn/desktop:test: To eliminate this warning, add "type": "module" to /Users/jamesmacfie/Source/acorn/apps/node/.acorn/worktrees/jamesmacfie-acorn-performance/package.json.
@acorn/desktop:test: (Use `node --trace-warnings ...` to show where the warning was created)
@acorn/desktop:test: [stage] 7 runtime entries, 111 hoisted packages -> dist/helper/node_modules
@acorn/desktop:test: [stage] node 24.21.0 (cache) -> binaries/node-aarch64-apple-darwin; service + 11 migration chain(s) -> dist/helper; 11 frame stylesheet(s) -> dist/bridge
@acorn/desktop:test: $ vite build
@acorn/desktop:test: vite v8.0.16 building client environment for production...
@acorn/tui:test:  ❯ src/node/boot.test.ts (10 tests | 10 skipped) 10931ms
@acorn/desktop:test: [2K@acorn/desktop:test: transforming...✓ 1371 modules transformed.
@acorn/node:test: 
@acorn/node:test: ⎯⎯⎯⎯⎯⎯⎯ Failed Tests 8 ⎯⎯⎯⎯⎯⎯⎯
@acorn/node:test: 
@acorn/node:test:  FAIL  src/composition/runtime.test.ts > supervised service runtime > migrates, listens over TLS, reconciles, and drains with no shell and no GitHub
@acorn/node:test:  FAIL  src/composition/runtime.test.ts > supervised service runtime > binds a different port, and a different identity, per data root
@acorn/node:test:  FAIL  src/composition/runtime.test.ts > supervised service runtime > reuses a remembered device token across restarts, and replaces an unknown one
@acorn/node:test:  FAIL  test/integration/lifecycle/enrollment.test.ts > a standalone node enrolling with a control plane > appears in the inventory, and records what it is attached to
@acorn/node:test:  FAIL  test/integration/lifecycle/enrollment.test.ts > a standalone node enrolling with a control plane > writes nothing about a control plane when nobody provisioned it
@acorn/node:test: Error: listen EPERM: operation not permitted 127.0.0.1
@acorn/node:test: ⎯⎯⎯⎯⎯⎯⎯⎯⎯⎯⎯⎯⎯⎯⎯⎯⎯⎯⎯⎯⎯⎯⎯⎯[1/8]⎯
@acorn/node:test: 
@acorn/node:test:  FAIL  test/integration/lifecycle/serviceSpawn.test.ts > the service as a spawned child process > boots over IPC, reports its endpoint and pin, serves TLS, and drains on request
@acorn/node:test:  FAIL  test/integration/lifecycle/serviceSpawn.test.ts > the service as a spawned child process > honours pairing, idempotency and revocation over the wire on a temp data root
@acorn/node:test: Error: listen EPERM: operation not permitted 127.0.0.1
@acorn/node:test:  ❯ test/integration/lifecycle/serviceSpawn.test.ts:55:21
@acorn/node:test:      53|         if (message.kind !== 'response') return
@acorn/node:test:      54|         if (message.ok) resolvePromise(message.result)
@acorn/node:test:      55|         else reject(new Error(message.error?.message ?? `${method} fai…
@acorn/node:test:        |                     ^
@acorn/node:test:      56|       })
@acorn/node:test:      57|       this.child.send({ protocol: SERVICE_PROTOCOL_VERSION, kind: 'req…
@acorn/node:test:  ❯ ChildProcess.<anonymous> test/integration/lifecycle/serviceSpawn.test.ts:39:67
@acorn/node:test: 
@acorn/node:test: ⎯⎯⎯⎯⎯⎯⎯⎯⎯⎯⎯⎯⎯⎯⎯⎯⎯⎯⎯⎯⎯⎯⎯⎯[2/8]⎯
@acorn/node:test: 
@acorn/node:test:  FAIL  test/integration/lifecycle/standaloneShutdown.test.ts > a standalone node drains on SIGTERM > exits cleanly, and releases the data root so the next start can take the lock
@acorn/node:test: Error: standalone exited (1) before it was listening
@acorn/node:test:  ❯ ChildProcess.<anonymous> test/integration/lifecycle/standaloneShutdown.test.ts:58:48
@acorn/node:test:      56|         buffered = buffered.slice(buffered.lastIndexOf('\n') + 1)
@acorn/node:test:      57|       })
@acorn/node:test:      58|       this.child.once('exit', (code) => reject(new Error(`standalone e…
@acorn/node:test:        |                                                ^
@acorn/node:test:      59|     })
@acorn/node:test:      60|   }
@acorn/node:test: 
@acorn/node:test: 
@acorn/node:test: ⎯⎯⎯⎯⎯⎯⎯⎯⎯⎯⎯⎯⎯⎯⎯⎯⎯⎯⎯⎯⎯⎯⎯⎯[3/8]⎯
@acorn/node:test: 
@acorn/node:test:  Test Files  4 failed | 36 passed (40)
@acorn/node:test:       Tests  8 failed | 272 passed (280)
@acorn/node:test:    Start at  12:58:48
@acorn/node:test:    Duration  89.95s (transform 6.58s, setup 0ms, import 144.01s, tests 101.54s, environment 3ms)
@acorn/node:test: 
@acorn/desktop:test: rendering chunks...
@acorn/client-core:test:  ❯ |logic| src/kit/diff/layoutIndex.test.ts (5 tests | 1 failed) 6414ms
@acorn/client-core:test:      × matches a slow reference through inserts, resizes, removals, collapse, expansion and a change of projection 5264ms
@acorn/node:test:  ELIFECYCLE  Test failed. See above for more details.
@acorn/node#test:  WARNING  command finished with error, but continuing...
@acorn/desktop:test: computing gzip size...
@acorn/desktop:test: dist/client/assets/cpp-Vecd3u6l.js                             0.05 kB
@acorn/desktop:test: dist/client/assets/xml-BlVvVLke.js                             0.05 kB
@acorn/desktop:test: dist/client/assets/html-CEES10Qm.js                            0.06 kB
@acorn/desktop:test: dist/client/assets/xml-Bvlx11yh.js                             5.38 kB
@acorn/desktop:test: dist/client/assets/worker-wordDiff.worker-MsP_IO05.js          8.63 kB
@acorn/desktop:test: dist/client/index.html                                         9.25 kB │ gzip:   1.85 kB
@acorn/desktop:test: dist/client/assets/scss-CLKKmMvk.js                           27.21 kB
@acorn/desktop:test: dist/client/assets/nunito-var-CjueodBP.woff2                  39.15 kB
@acorn/desktop:test: dist/client/assets/inter-var-8kRkwJBP.woff2                   48.43 kB
@acorn/desktop:test: dist/client/assets/html-FFOZEiuQ.js                           57.24 kB
@acorn/desktop:test: dist/client/assets/ruby-oyA8u5VL.js                           88.10 kB
@acorn/desktop:test: dist/client/assets/literata-var-D8O2rLBL.woff2               110.29 kB
@acorn/desktop:test: dist/client/assets/worker-highlighter.worker-CcI2tOi8.js     112.96 kB
@acorn/desktop:test: dist/client/.vite/manifest.json                              140.63 kB │ gzip:  16.48 kB
@acorn/desktop:test: dist/client/assets/wasm-S0UXjx1m.js                          622.32 kB
@acorn/desktop:test: dist/client/assets/cpp-ZYh_74ri.js                           637.57 kB
@acorn/desktop:test: dist/client/assets/Home-ZyDas05-.css                           0.12 kB │ gzip:   0.11 kB
@acorn/desktop:test: dist/client/assets/ArchivePage-DopVg6tf.css                    0.32 kB │ gzip:   0.18 kB
@acorn/desktop:test: dist/client/assets/annotationKey-vrvLA9Sd.css                  0.58 kB │ gzip:   0.28 kB
@acorn/desktop:test: dist/client/assets/ConfigTrustDialog-DTOQu-I0.css              0.60 kB │ gzip:   0.29 kB
@acorn/desktop:test: dist/client/assets/ChromeExtendedPane-CgiC7Cs7.css             0.82 kB │ gzip:   0.30 kB
@acorn/desktop:test: dist/client/assets/navigationCommands-CVc8euIS.css             1.00 kB │ gzip:   0.43 kB
@acorn/desktop:test: dist/client/assets/plugins-zjKuk9Y8.css                        1.11 kB │ gzip:   0.41 kB
@acorn/desktop:test: dist/client/assets/NotificationBell-CRwkbU4B.css               1.37 kB │ gzip:   0.58 kB
@acorn/desktop:test: dist/client/assets/ProjectColorInput-B-_ItcZi.css              1.39 kB │ gzip:   0.54 kB
@acorn/desktop:test: dist/client/assets/plugin-trust-DZIIBV39.css                   2.52 kB │ gzip:   0.77 kB
@acorn/desktop:test: dist/client/assets/xterm-kHJ-D0s7.css                          2.85 kB │ gzip:   0.77 kB
@acorn/desktop:test: dist/client/assets/settings-CBe5Seg0.css                       6.13 kB │ gzip:   1.57 kB
@acorn/desktop:test: dist/client/assets/PanelGrid-lY9MnRMW.css                     11.00 kB │ gzip:   2.41 kB
@acorn/desktop:test: dist/client/assets/index-jyN--v-N.css                        114.74 kB │ gzip:  20.97 kB
@acorn/desktop:test: dist/client/assets/public-CTqSM9Tt.js                          0.02 kB │ gzip:   0.04 kB
@acorn/desktop:test: dist/client/assets/baseline-DmN1j9tD.js                        0.03 kB │ gzip:   0.05 kB
@acorn/desktop:test: dist/client/assets/public-CSUUSlOG.js                          0.03 kB │ gzip:   0.05 kB
@acorn/desktop:test: dist/client/assets/taskLookup-B452qbqe.js                      0.05 kB │ gzip:   0.06 kB
@acorn/desktop:test: dist/client/assets/c-DWGmR78Y.js                               0.05 kB │ gzip:   0.07 kB
@acorn/desktop:test: dist/client/assets/table-BcALgrRG.js                           0.05 kB │ gzip:   0.07 kB
@acorn/desktop:test: dist/client/assets/cpp-CNAAXZl-.js                             0.05 kB │ gzip:   0.07 kB
@acorn/desktop:test: dist/client/assets/css-CdtkT07m.js                             0.05 kB │ gzip:   0.07 kB
@acorn/desktop:test: dist/client/assets/jsx-hEbJ82HF.js                             0.05 kB │ gzip:   0.07 kB
@acorn/desktop:test: dist/client/assets/sql-0Qcw9ht3.js                             0.05 kB │ gzip:   0.07 kB
@acorn/desktop:test: dist/client/assets/tsx-5f3ulCja.js                             0.05 kB │ gzip:   0.07 kB
@acorn/desktop:test: dist/client/assets/xml-CoDIzWF0.js                             0.05 kB │ gzip:   0.07 kB
@acorn/desktop:test: dist/client/assets/html-DDNsd9lV.js                            0.06 kB │ gzip:   0.07 kB
@acorn/desktop:test: dist/client/assets/java-DxlWrXwe.js                            0.06 kB │ gzip:   0.07 kB
@acorn/desktop:test: dist/client/assets/yaml-CxbubiML.js                            0.06 kB │ gzip:   0.07 kB
@acorn/desktop:test: dist/client/assets/xterm-nAkeU_n8.js                           0.06 kB │ gzip:   0.07 kB
@acorn/desktop:test: dist/client/assets/public-oQlp3pdv.js                          0.06 kB │ gzip:   0.07 kB
@acorn/desktop:test: dist/client/assets/javascript-Yelw-5ZN.js                      0.06 kB │ gzip:   0.08 kB
@acorn/desktop:test: dist/client/assets/typescript-Utq2Cl8c.js                      0.06 kB │ gzip:   0.08 kB
@acorn/desktop:test: dist/client/assets/shellscript-BiGZg9Om.js                     0.06 kB │ gzip:   0.08 kB
@acorn/desktop:test: dist/client/assets/workTelemetry-mEACpLik.js                   0.07 kB │ gzip:   0.08 kB
@acorn/desktop:test: dist/client/assets/public-B__Sh4Bd.js                          0.09 kB │ gzip:   0.09 kB
@acorn/desktop:test: dist/client/assets/public-CUqQ__Qg.js                          0.10 kB │ gzip:   0.10 kB
@acorn/desktop:test: dist/client/assets/wordDiff.worker-CqrA5wC9.js                 0.12 kB │ gzip:   0.13 kB
@acorn/desktop:test: dist/client/assets/highlighter.worker-CyKLlQHK.js              0.13 kB │ gzip:   0.13 kB
@acorn/desktop:test: dist/client/assets/preferences-CuWnjkkh.js                     0.13 kB │ gzip:   0.13 kB
@acorn/desktop:test: dist/client/assets/configTrust-Ch9JsIrK.js                     0.13 kB │ gzip:   0.13 kB
@acorn/desktop:test: dist/client/assets/api-CtuF8A-m.js                             0.14 kB │ gzip:   0.12 kB
@acorn/desktop:test: dist/client/assets/model-BF06PvJD.js                           0.15 kB │ gzip:   0.13 kB
@acorn/desktop:test: dist/client/assets/styles-BydB1h18.js                          0.15 kB │ gzip:   0.13 kB
@acorn/desktop:test: dist/client/assets/Only-DE0dkXIO.js                            0.16 kB │ gzip:   0.14 kB
@acorn/desktop:test: dist/client/assets/public-BYWS9Lwe.js                          0.16 kB │ gzip:   0.13 kB
@acorn/desktop:test: dist/client/assets/badge-xyTuBFa5.js                           0.16 kB │ gzip:   0.15 kB
@acorn/desktop:test: dist/client/assets/rowTargets-u_lV6G4K.js                      0.18 kB │ gzip:   0.14 kB
@acorn/desktop:test: dist/client/assets/ToggleButton-5hXwRclk.js                    0.22 kB │ gzip:   0.18 kB
@acorn/desktop:test: dist/client/assets/unsavedChanges-DfcIpTxh.js                  0.23 kB │ gzip:   0.19 kB
@acorn/desktop:test: dist/client/assets/projectImporters-C0-2Suer.js                0.25 kB │ gzip:   0.20 kB
@acorn/desktop:test: dist/client/assets/corePaths-CP9UEDQe.js                       0.26 kB │ gzip:   0.19 kB
@acorn/desktop:test: dist/client/assets/attention-Bf_CwVEw.js                       0.26 kB │ gzip:   0.20 kB
@acorn/desktop:test: dist/client/assets/refResolvers-CL5Vy2CC.js                    0.27 kB │ gzip:   0.19 kB
@acorn/desktop:test: dist/client/assets/scrollAuthor-DOOfDSk5.js                    0.27 kB │ gzip:   0.21 kB
@acorn/desktop:test: dist/client/assets/surfaceFailures-CwTysE11.js                 0.28 kB │ gzip:   0.22 kB
@acorn/desktop:test: dist/client/assets/deviceStorage-C0wkyZL-.js                   0.28 kB │ gzip:   0.18 kB
@acorn/desktop:test: dist/client/assets/confirm-CKv8pNkb.js                         0.28 kB │ gzip:   0.22 kB
@acorn/desktop:test: dist/client/assets/metrics-DKWN_gfV.js                         0.29 kB │ gzip:   0.22 kB
@acorn/desktop:test: dist/client/assets/ProviderGlyph-D1N8yKuD.js                   0.30 kB │ gzip:   0.22 kB
@acorn/desktop:test: dist/client/assets/collapseState-BInIAB6M.js                   0.32 kB │ gzip:   0.25 kB
@acorn/desktop:test: dist/client/assets/formatPath-BRVbtuNX.js                      0.33 kB │ gzip:   0.26 kB
@acorn/desktop:test: dist/client/assets/activeWorkspaceId-Dh4kbFpc.js               0.34 kB │ gzip:   0.24 kB
@acorn/desktop:test: dist/client/assets/modelProviders-CvNDgJ9d.js                  0.37 kB │ gzip:   0.23 kB
@acorn/desktop:test: dist/client/assets/refResolvers-DybJ1bxk.js                    0.39 kB │ gzip:   0.31 kB
@acorn/desktop:test: dist/client/assets/projectSurfaces-rQeX_tpC.js                 0.39 kB │ gzip:   0.27 kB
@acorn/desktop:test: dist/client/assets/lastWorkspace-C54cxByt.js                   0.39 kB │ gzip:   0.27 kB
@acorn/desktop:test: dist/client/assets/Facts-DVM_GT89.js                           0.41 kB │ gzip:   0.25 kB
@acorn/desktop:test: dist/client/assets/ChipRow-BcaO7Gp9.js                         0.42 kB │ gzip:   0.29 kB
@acorn/desktop:test: dist/client/assets/IconButton-bMytevxQ.js                      0.42 kB │ gzip:   0.28 kB
@acorn/desktop:test: dist/client/assets/pluginLabel-BUqHQ7BW.js                     0.44 kB │ gzip:   0.29 kB
@acorn/desktop:test: dist/client/assets/settingsDetail-DRwhlxQd.js                  0.44 kB │ gzip:   0.29 kB
@acorn/desktop:test: dist/client/assets/activate-CiZBFbtn.js                        0.45 kB │ gzip:   0.29 kB
@acorn/desktop:test: dist/client/assets/wsChannels-B-4gXQem.js                      0.45 kB │ gzip:   0.31 kB
@acorn/desktop:test: dist/client/assets/dashboardViews-C2R_P153.js                  0.47 kB │ gzip:   0.30 kB
@acorn/desktop:test: dist/client/assets/RowActions-Bgubiwb4.js                      0.48 kB │ gzip:   0.31 kB
@acorn/desktop:test: dist/client/assets/DockerFooterBadge-q_9kyJlo.js               0.48 kB │ gzip:   0.32 kB
@acorn/desktop:test: dist/client/assets/EditorTerminal-CLe_TqYn.js                  0.49 kB │ gzip:   0.34 kB
@acorn/desktop:test: dist/client/assets/Spinner-B-vpddh_.js                         0.50 kB │ gzip:   0.36 kB
@acorn/desktop:test: dist/client/assets/registry-D7Gz27eF.js                        0.50 kB │ gzip:   0.32 kB
@acorn/desktop:test: dist/client/assets/freshness-Bjo0I4N7.js                       0.53 kB │ gzip:   0.32 kB
@acorn/desktop:test: dist/client/assets/overlays-C1psJAC7.js                        0.54 kB │ gzip:   0.33 kB
@acorn/desktop:test: dist/client/assets/contextMenus-Bkx61gGR.js                    0.57 kB │ gzip:   0.38 kB
@acorn/desktop:test: dist/client/assets/telemetrySetting-2GVkNH7D.js                0.57 kB │ gzip:   0.38 kB
@acorn/desktop:test: dist/client/assets/appearance-CO0NCYpX.js                      0.58 kB │ gzip:   0.38 kB
@acorn/desktop:test: dist/client/assets/completeness-CaAOEKEW.js                    0.58 kB │ gzip:   0.33 kB
@acorn/desktop:test: dist/client/assets/changedFiles-xvsiDIdM.js                    0.58 kB │ gzip:   0.39 kB
@acorn/desktop:test: dist/client/assets/AddedTally-BdT3seaY.js                      0.59 kB │ gzip:   0.32 kB
@acorn/desktop:test: dist/client/assets/settings-BGUajvjh.js                        0.61 kB │ gzip:   0.39 kB
@acorn/desktop:test: dist/client/assets/externalUrl-Bf4t7rsz.js                     0.62 kB │ gzip:   0.28 kB
@acorn/desktop:test: dist/client/assets/public-Cp3J6bEI.js                          0.63 kB │ gzip:   0.40 kB
@acorn/desktop:test: dist/client/assets/DescriptionList-BYehs2Zd.js                 0.64 kB │ gzip:   0.35 kB
@acorn/desktop:test: dist/client/assets/hostCapabilities-BV7BHgop.js                0.65 kB │ gzip:   0.40 kB
@acorn/desktop:test: dist/client/assets/RuntimeStateIcon-C8iCkp8m.js                0.66 kB │ gzip:   0.35 kB
@acorn/desktop:test: dist/client/assets/properties-C357ku5U.js                      0.66 kB │ gzip:   0.34 kB
@acorn/desktop:test: dist/client/assets/ClearCacheSettings-BD5T3PXf.js              0.67 kB │ gzip:   0.40 kB
@acorn/desktop:test: dist/client/assets/appearancePrefs-PGHLJvOp.js                 0.67 kB │ gzip:   0.35 kB
@acorn/desktop:test: dist/client/assets/Log-BEB5KbD8.js                             0.67 kB │ gzip:   0.41 kB
@acorn/desktop:test: dist/client/assets/Toolbar-KRgO_nCP.js                         0.68 kB │ gzip:   0.38 kB
@acorn/desktop:test: dist/client/assets/tabScroll-BoBB0QVf.js                       0.68 kB │ gzip:   0.43 kB
@acorn/desktop:test: dist/client/assets/chunk-QTnfLwEv.js                           0.69 kB │ gzip:   0.42 kB
@acorn/desktop:test: dist/client/assets/UserAvatar-adeTbIN-.js                      0.71 kB │ gzip:   0.43 kB
@acorn/desktop:test: dist/client/assets/HelpMark-R6Gv70n3.js                        0.72 kB │ gzip:   0.43 kB
@acorn/desktop:test: dist/client/assets/generatePick-bGRu8uA1.js                    0.72 kB │ gzip:   0.41 kB
@acorn/desktop:test: dist/client/assets/languageIds-_C3PbRTm.js                     0.74 kB │ gzip:   0.35 kB
@acorn/desktop:test: dist/client/assets/controlAttrs-Bd7u97Ic.js                    0.74 kB │ gzip:   0.45 kB
@acorn/desktop:test: dist/client/assets/settingSave-BHbc_BuO.js                     0.74 kB │ gzip:   0.44 kB
@acorn/desktop:test: dist/client/assets/concurrencyClient-ClfWMOUD.js               0.77 kB │ gzip:   0.49 kB
@acorn/desktop:test: dist/client/assets/subagentDisplay-CJnJnD8Z.js                 0.77 kB │ gzip:   0.43 kB
@acorn/desktop:test: dist/client/assets/taskBridge-D_-TVkP_.js                      0.78 kB │ gzip:   0.44 kB
@acorn/desktop:test: dist/client/assets/pageFacts-_BirNNsw.js                       0.79 kB │ gzip:   0.48 kB
@acorn/desktop:test: dist/client/assets/schedules-BWlW37Mq.js                       0.80 kB │ gzip:   0.49 kB
@acorn/desktop:test: dist/client/assets/Heading-Djax_SXo.js                         0.80 kB │ gzip:   0.43 kB
@acorn/desktop:test: dist/client/assets/fleetActions-lU-Eon09.js                    0.81 kB │ gzip:   0.43 kB
@acorn/desktop:test: dist/client/assets/trap-DRdiLK0E.js                            0.82 kB │ gzip:   0.47 kB
@acorn/desktop:test: dist/client/assets/annotationKey-RKOAJM4X.js                   0.83 kB │ gzip:   0.47 kB
@acorn/desktop:test: dist/client/assets/Link-DpngjOHl.js                            0.83 kB │ gzip:   0.47 kB
@acorn/desktop:test: dist/client/assets/SegmentedControl-D0cv-UcZ.js                0.83 kB │ gzip:   0.47 kB
@acorn/desktop:test: dist/client/assets/agentContext-C46Ezfa6.js                    0.84 kB │ gzip:   0.44 kB
@acorn/desktop:test: dist/client/assets/attentionInbox-B-x_okJ4.js                  0.85 kB │ gzip:   0.50 kB
@acorn/desktop:test: dist/client/assets/pluginChannel-DpHkmBr3.js                   0.87 kB │ gzip:   0.51 kB
@acorn/desktop:test: dist/client/assets/segmentCaches-C-FJEmfb.js                   0.88 kB │ gzip:   0.46 kB
@acorn/desktop:test: dist/client/assets/DeviceConfigSettings-B4L-Jrc1.js            0.94 kB │ gzip:   0.53 kB
@acorn/desktop:test: dist/client/assets/approval-CjzmrwuQ.js                        0.94 kB │ gzip:   0.51 kB
@acorn/desktop:test: dist/client/assets/Popover-C2ugIaB9.js                         0.94 kB │ gzip:   0.53 kB
@acorn/desktop:test: dist/client/assets/homeTab-C4t16d6p.js                         0.95 kB │ gzip:   0.61 kB
@acorn/desktop:test: dist/client/assets/ChromeBadge-DquqjpMV.js                     0.97 kB │ gzip:   0.51 kB
@acorn/desktop:test: dist/client/assets/Card-BTqYdWox.js                            0.97 kB │ gzip:   0.54 kB
@acorn/desktop:test: dist/client/assets/PluginOverlay-DT-Q_3Ca.js                   0.98 kB │ gzip:   0.55 kB
@acorn/desktop:test: dist/client/assets/ModelPickerPopover-BBNuQhDe.js              0.98 kB │ gzip:   0.48 kB
@acorn/desktop:test: dist/client/assets/agentConfigOptions-DU_sOpIP.js              0.98 kB │ gzip:   0.42 kB
@acorn/desktop:test: dist/client/assets/dismissable-CPossk6c.js                     0.99 kB │ gzip:   0.54 kB
@acorn/desktop:test: dist/client/assets/EmptyState-BIZ_SkfK.js                      1.06 kB │ gzip:   0.45 kB
@acorn/desktop:test: dist/client/assets/Rectangle-9iW3IXrm.js                       1.06 kB │ gzip:   0.60 kB
@acorn/desktop:test: dist/client/assets/arbitration-Cg8G5YHh.js                     1.09 kB │ gzip:   0.60 kB
@acorn/desktop:test: dist/client/assets/TreeRow-iQAIq0LG.js                         1.10 kB │ gzip:   0.54 kB
@acorn/desktop:test: dist/client/assets/agentSessions-mHw4OmgH.js                   1.11 kB │ gzip:   0.61 kB
@acorn/desktop:test: dist/client/assets/exclusiveSlots-WbYFcwGG.js                  1.12 kB │ gzip:   0.67 kB
@acorn/desktop:test: dist/client/assets/ProjectColorInput-CBZSssLW.js               1.13 kB │ gzip:   0.63 kB
@acorn/desktop:test: dist/client/assets/uiStyles-B-LRnNXR.js                        1.13 kB │ gzip:   0.52 kB
@acorn/desktop:test: dist/client/assets/toml-LvoKBwCs.js                            1.19 kB │ gzip:   0.53 kB
@acorn/desktop:test: dist/client/assets/preload-helper-zJ_50EbN.js                  1.19 kB │ gzip:   0.68 kB
@acorn/desktop:test: dist/client/assets/Chip-CQ6iKAIo.js                            1.19 kB │ gzip:   0.59 kB
@acorn/desktop:test: dist/client/assets/mutations-BnW1tmBC.js                       1.20 kB │ gzip:   0.52 kB
@acorn/desktop:test: dist/client/assets/SettingsSection-CbQ4F3O_.js                 1.20 kB │ gzip:   0.52 kB
@acorn/desktop:test: dist/client/assets/extensionPoints-sNWwepNo.js                 1.22 kB │ gzip:   0.66 kB
@acorn/desktop:test: dist/client/assets/WorkspacePalette-CT2jjtTW.js                1.26 kB │ gzip:   0.67 kB
@acorn/desktop:test: dist/client/assets/ImagePreview-ChbPyQ48.js                    1.26 kB │ gzip:   0.74 kB
@acorn/desktop:test: dist/client/assets/Textarea-D4hN-c88.js                        1.29 kB │ gzip:   0.64 kB
@acorn/desktop:test: dist/client/assets/nodePlugins-COHDC2DS.js                     1.30 kB │ gzip:   0.68 kB
@acorn/desktop:test: dist/client/assets/notifications-CX84f5K-.js                   1.30 kB │ gzip:   0.63 kB
@acorn/desktop:test: dist/client/assets/ModelBackendPicker-CgrLoJbD.js              1.32 kB │ gzip:   0.64 kB
@acorn/desktop:test: dist/client/assets/plugins-BllwLK1A.js                         1.32 kB │ gzip:   0.70 kB
@acorn/desktop:test: dist/client/assets/nodeSecurity-VYdr0MJH.js                    1.39 kB │ gzip:   0.80 kB
@acorn/desktop:test: dist/client/assets/commands-DGABF_FK.js                        1.39 kB │ gzip:   0.75 kB
@acorn/desktop:test: dist/client/assets/contract-CLihRaZt.js                        1.41 kB │ gzip:   0.65 kB
@acorn/desktop:test: dist/client/assets/runDisplay-DFpsiMWy.js                      1.41 kB │ gzip:   0.66 kB
@acorn/desktop:test: dist/client/assets/installed-CwUsRdiv.js                       1.43 kB │ gzip:   0.74 kB
@acorn/desktop:test: dist/client/assets/Slot-d3phpiDP.js                            1.44 kB │ gzip:   0.73 kB
@acorn/desktop:test: dist/client/assets/addon-fit-CX9Yc_tg.js                       1.47 kB │ gzip:   0.64 kB
@acorn/desktop:test: dist/client/assets/surfaceHealth-CkAD1vDy.js                   1.49 kB │ gzip:   0.82 kB
@acorn/desktop:test: dist/client/assets/public-CoNdpU3J.js                          1.50 kB │ gzip:   0.69 kB
@acorn/desktop:test: dist/client/assets/ServicesSettings-DLPS27Bn.js                1.51 kB │ gzip:   0.72 kB
@acorn/desktop:test: dist/client/assets/ini-B5eOa1yu.js                             1.51 kB │ gzip:   0.49 kB
@acorn/desktop:test: dist/client/assets/TerminalSettings-B2SqudAP.js                1.55 kB │ gzip:   0.73 kB
@acorn/desktop:test: dist/client/assets/mcpServers-CwDOGLQw.js                      1.56 kB │ gzip:   0.81 kB
@acorn/desktop:test: dist/client/assets/attachPty-oC3V3dRY.js                       1.58 kB │ gzip:   0.84 kB
@acorn/desktop:test: dist/client/assets/Button-fODPjIU_.js                          1.61 kB │ gzip:   0.77 kB
@acorn/desktop:test: dist/client/assets/settingsSearch-CmNS6Lcy.js                  1.61 kB │ gzip:   0.75 kB
@acorn/desktop:test: dist/client/assets/PluginRefPanel-B03Nu-b7.js                  1.63 kB │ gzip:   0.82 kB
@acorn/desktop:test: dist/client/assets/RefPanelTaskLink-niFEROQM.js                1.64 kB │ gzip:   0.86 kB
@acorn/desktop:test: dist/client/assets/ProjectConnections-DAHuU7Jf.js              1.65 kB │ gzip:   0.75 kB
@acorn/desktop:test: dist/client/assets/FindBar-DcIIsLnH.js                         1.70 kB │ gzip:   0.77 kB
@acorn/desktop:test: dist/client/assets/ComparePreview-ftFa7Nk6.js                  1.72 kB │ gzip:   0.88 kB
@acorn/desktop:test: dist/client/assets/DockerTaskPane-DC7f80-W.js                  1.72 kB │ gzip:   0.87 kB
@acorn/desktop:test: dist/client/assets/gateForm-CaWUnCzn.js                        1.73 kB │ gzip:   0.86 kB
@acorn/desktop:test: dist/client/assets/connections-CN3ol3Mu.js                     1.76 kB │ gzip:   0.90 kB
@acorn/desktop:test: dist/client/assets/queries-C-0xlt1l.js                         1.80 kB │ gzip:   0.69 kB
@acorn/desktop:test: dist/client/assets/keymapHost-DGXr3K2b.js                      1.84 kB │ gzip:   0.98 kB
@acorn/desktop:test: dist/client/assets/DockerSettings-BFVDrjMm.js                  1.87 kB │ gzip:   0.95 kB
@acorn/desktop:test: dist/client/assets/AppearanceSettings-CoTEwOEE.js              1.92 kB │ gzip:   0.71 kB
@acorn/desktop:test: dist/client/assets/CliSettings-hZX9iUdH.js                     1.95 kB │ gzip:   0.91 kB
@acorn/desktop:test: dist/client/assets/Tabs-C17blik4.js                            1.95 kB │ gzip:   0.93 kB
@acorn/desktop:test: dist/client/assets/contributions-CKnvJHFM.js                   1.98 kB │ gzip:   0.98 kB
@acorn/desktop:test: dist/client/assets/dist-Bi-dLedG.js                            1.99 kB │ gzip:   1.26 kB
@acorn/desktop:test: dist/client/assets/public-B_6Bny9T.js                          2.15 kB │ gzip:   0.85 kB
@acorn/desktop:test: dist/client/assets/WorkflowsSettings-BnneVve8.js               2.15 kB │ gzip:   1.03 kB
@acorn/desktop:test: dist/client/assets/DockerProjectSettings-OyinyCGG.js           2.16 kB │ gzip:   0.97 kB
@acorn/desktop:test: dist/client/assets/keybindings-y_Mw3oDq.js                     2.16 kB │ gzip:   1.07 kB
@acorn/desktop:test: dist/client/assets/Wizard-BQZi9joB.js                          2.20 kB │ gzip:   0.99 kB
@acorn/desktop:test: dist/client/assets/settings-DpJ0sPNl.js                        2.24 kB │ gzip:   1.06 kB
@acorn/desktop:test: dist/client/assets/fanout-CZMkziPX.js                          2.26 kB │ gzip:   1.14 kB
@acorn/desktop:test: dist/client/assets/AgentStorageSection-BG2gIQIj.js             2.27 kB │ gzip:   1.10 kB
@acorn/desktop:test: dist/client/assets/SecuritySettings-C4kRa8eG.js                2.37 kB │ gzip:   1.24 kB
@acorn/desktop:test: dist/client/assets/channels-CVt-_TWY.js                        2.40 kB │ gzip:   0.74 kB
@acorn/desktop:test: dist/client/assets/shell-Du5Qg9im.js                           2.44 kB │ gzip:   1.20 kB
@acorn/desktop:test: dist/client/assets/NotificationSettings-C9NVhHaP.js            2.49 kB │ gzip:   0.95 kB
@acorn/desktop:test: dist/client/assets/deviceFlow-DY25OmV9.js                      2.51 kB │ gzip:   1.17 kB
@acorn/desktop:test: dist/client/assets/DocumentTabs-C3sFK3-y.js                    2.52 kB │ gzip:   1.09 kB
@acorn/desktop:test: dist/client/assets/MemorySection-DH-q7cgd.js                   2.52 kB │ gzip:   1.09 kB
@acorn/desktop:test: dist/client/assets/PullDetail-DcpD12k2.js                      2.52 kB │ gzip:   1.11 kB
@acorn/desktop:test: dist/client/assets/pluginStatus-D7ZQdnsz.js                    2.53 kB │ gzip:   1.00 kB
@acorn/desktop:test: dist/client/assets/ConfigTrustDialog-Bt_0hLTM.js               2.63 kB │ gzip:   1.23 kB
@acorn/desktop:test: dist/client/assets/anchor-B8Nyd72I.js                          2.72 kB │ gzip:   1.24 kB
@acorn/desktop:test: dist/client/assets/SettingRow-CPY80VE2.js                      2.74 kB │ gzip:   1.12 kB
@acorn/desktop:test: dist/client/assets/PluginStrip-D31-obXP.js                     2.79 kB │ gzip:   1.27 kB
@acorn/desktop:test: dist/client/assets/deliver-GACqDpqS.js                         2.80 kB │ gzip:   1.32 kB
@acorn/desktop:test: dist/client/assets/json-qhed-kSA.js                            2.81 kB │ gzip:   0.77 kB
@acorn/desktop:test: dist/client/assets/public-DzG5uSUA.js                          2.88 kB │ gzip:   1.32 kB
@acorn/desktop:test: dist/client/assets/MemoryCenter-LUm_SHJb.js                    2.93 kB │ gzip:   1.31 kB
@acorn/desktop:test: dist/client/assets/langs-fNcph087.js                           2.94 kB │ gzip:   1.10 kB
@acorn/desktop:test: dist/client/assets/StartFromItemHost-CoCFEaY8.js               2.99 kB │ gzip:   1.44 kB
@acorn/desktop:test: dist/client/assets/GithubConnect-B70AOvz7.js                   2.99 kB │ gzip:   1.23 kB
@acorn/desktop:test: dist/client/assets/devicePrefs-CW0notC4.js                     3.00 kB │ gzip:   1.35 kB
@acorn/desktop:test: dist/client/assets/StorageSettings-B9Cav8CN.js                 3.02 kB │ gzip:   1.36 kB
@acorn/desktop:test: dist/client/assets/platform-BRj9tb1G.js                        3.16 kB │ gzip:   1.34 kB
@acorn/desktop:test: dist/client/assets/RunsSettings-BLEtylD4.js                    3.19 kB │ gzip:   1.45 kB
@acorn/desktop:test: dist/client/assets/AuditLogSettings-DEHn0C9X.js                3.27 kB │ gzip:   1.50 kB
@acorn/desktop:test: dist/client/assets/PullRefPanel-CF46j3aW.js                    3.28 kB │ gzip:   1.48 kB
@acorn/desktop:test: dist/client/assets/FleetHome-Uu3p4Vs4.js                       3.28 kB │ gzip:   1.40 kB
@acorn/desktop:test: dist/client/assets/ExtensionPointsDev-B6DXHp97.js              3.35 kB │ gzip:   1.48 kB
@acorn/desktop:test: dist/client/assets/AiModelsSettings-VCXiYEyf.js                3.39 kB │ gzip:   1.39 kB
@acorn/desktop:test: dist/client/assets/worker-Bj91Ye9t.js                          3.39 kB │ gzip:   1.53 kB
@acorn/desktop:test: dist/client/assets/workflowsClient-BcPZ1AZ8.js                 3.44 kB │ gzip:   1.35 kB
@acorn/desktop:test: dist/client/assets/RailSurfacesSettings-g7N512TV.js            3.45 kB │ gzip:   1.60 kB
@acorn/desktop:test: dist/client/assets/AiSetup-B89DBvAO.js                         3.46 kB │ gzip:   1.37 kB
@acorn/desktop:test: dist/client/assets/TelemetrySettings-r1Ry4wnm.js               3.49 kB │ gzip:   1.48 kB
@acorn/desktop:test: dist/client/assets/contentLinks-Cavx_eGD.js                    3.56 kB │ gzip:   1.71 kB
@acorn/desktop:test: dist/client/assets/WorkspaceProjectAssignments-Cks3KHZJ.js     3.57 kB │ gzip:   1.64 kB
@acorn/desktop:test: dist/client/assets/wsClient-Dnnve99Z.js                        3.60 kB │ gzip:   1.58 kB
@acorn/desktop:test: dist/client/assets/savePref-u9eBrtr-.js                        3.72 kB │ gzip:   1.68 kB
@acorn/desktop:test: dist/client/assets/ChromeExtendedPane-Cb8rFCAl.js              3.79 kB │ gzip:   1.46 kB
@acorn/desktop:test: dist/client/assets/GithubImporter-CugNg7w_.js                  3.91 kB │ gzip:   1.69 kB
@acorn/desktop:test: dist/client/assets/managedClient-FWEea14J.js                   3.93 kB │ gzip:   1.57 kB
@acorn/desktop:test: dist/client/assets/Shortcuts-C8JKFiqk.js                       3.97 kB │ gzip:   1.56 kB
@acorn/desktop:test: dist/client/assets/collection-BIEpFDH5.js                      4.07 kB │ gzip:   1.77 kB
@acorn/desktop:test: dist/client/assets/PluginWebview-e-DHvuXr.js                   4.08 kB │ gzip:   1.87 kB
@acorn/desktop:test: dist/client/assets/Row-BkTeykT8.js                             4.13 kB │ gzip:   1.30 kB
@acorn/desktop:test: dist/client/assets/CommandPalette-DMDYcH_h.js                  4.16 kB │ gzip:   1.94 kB
@acorn/desktop:test: dist/client/assets/McpSettings-DR3JdF7Z.js                     4.17 kB │ gzip:   1.85 kB
@acorn/desktop:test: dist/client/assets/NotificationBell-CwIOmXfC.js                4.43 kB │ gzip:   1.76 kB
@acorn/desktop:test: dist/client/assets/support-D_Y9jocu.js                         4.57 kB │ gzip:   1.41 kB
@acorn/desktop:test: dist/client/assets/draft-Dj9G-EH2.js                           4.62 kB │ gzip:   1.97 kB
@acorn/desktop:test: dist/client/assets/PreviewTaskPane-nzXWekjt.js                 4.69 kB │ gzip:   2.03 kB
@acorn/desktop:test: dist/client/assets/CreatePullForm-BBEHCELf.js                  4.71 kB │ gzip:   2.08 kB
@acorn/desktop:test: dist/client/assets/Home-Baxr4ic1.js                            4.84 kB │ gzip:   2.14 kB
@acorn/desktop:test: dist/client/assets/WorkspaceSettings-GAU4vMb_.js               4.88 kB │ gzip:   1.92 kB
@acorn/desktop:test: dist/client/assets/MentionTextarea-CLOzFEO-.js                 4.95 kB │ gzip:   2.19 kB
@acorn/desktop:test: dist/client/assets/DocumentSurface-Cblf8Qs2.js                 5.01 kB │ gzip:   2.50 kB
@acorn/desktop:test: dist/client/assets/localSearch-9DqVeKpd.js                     5.02 kB │ gzip:   1.90 kB
@acorn/desktop:test: dist/client/assets/RunPane-B4lxY4hL.js                         5.04 kB │ gzip:   1.84 kB
@acorn/desktop:test: dist/client/assets/ruby-DsYpTuWg.js                            5.10 kB │ gzip:   2.15 kB
@acorn/desktop:test: dist/client/assets/OnboardingOverlay-C8uKLQHr.js               5.13 kB │ gzip:   2.45 kB
@acorn/desktop:test: dist/client/assets/StyleGallery-Dp9sNmJU.js                    5.25 kB │ gzip:   1.93 kB
@acorn/desktop:test: dist/client/assets/ConnectionProjectMap-Bee1hW3O.js            5.27 kB │ gzip:   2.01 kB
@acorn/desktop:test: dist/client/assets/AgentToolsSettings-E_qtpZrZ.js              5.33 kB │ gzip:   2.31 kB
@acorn/desktop:test: dist/client/assets/xml-WY0zc4PG.js                             5.38 kB │ gzip:   1.20 kB
@acorn/desktop:test: dist/client/assets/ShortcutsSettings-BeI4r8WC.js               5.43 kB │ gzip:   2.44 kB
@acorn/desktop:test: dist/client/assets/store-DEZn0OAk.js                           5.48 kB │ gzip:   2.17 kB
@acorn/desktop:test: dist/client/assets/NotesPane-BLNcyYde.js                       5.48 kB │ gzip:   1.96 kB
@acorn/desktop:test: dist/client/assets/stepFields-T0QTYh5H.js                      5.58 kB │ gzip:   1.99 kB
@acorn/desktop:test: dist/client/assets/PluginApprovalDialog-CxRpjThQ.js            5.58 kB │ gzip:   2.22 kB
@acorn/desktop:test: dist/client/assets/ContextPane-BciD1Chm.js                     5.58 kB │ gzip:   1.93 kB
@acorn/desktop:test: dist/client/assets/remoteSourceRegion-D_vpYmUj.js              5.65 kB │ gzip:   2.69 kB
@acorn/desktop:test: dist/client/assets/layouts-BFsp1nXL.js                         5.83 kB │ gzip:   2.26 kB
@acorn/desktop:test: dist/client/assets/PromoteToTaskModal-UH4L_DwL.js              5.91 kB │ gzip:   2.32 kB
@acorn/desktop:test: dist/client/assets/Markdown-B50caerZ.js                        6.26 kB │ gzip:   2.96 kB
@acorn/desktop:test: dist/client/assets/toml-CcmNWLt0.js                            6.41 kB │ gzip:   1.28 kB
@acorn/desktop:test: dist/client/assets/ArchivePage-d-vUcIV6.js                     6.61 kB │ gzip:   2.61 kB
@acorn/desktop:test: dist/client/assets/nativePages-Cn3IsS73.js                     6.71 kB │ gzip:   2.73 kB
@acorn/desktop:test: dist/client/assets/InlineDiffCard-BcnPKfpw.js                  6.91 kB │ gzip:   2.76 kB
@acorn/desktop:test: dist/client/assets/ChromeSourcePanel-BQd4ApwG.js               6.92 kB │ gzip:   2.55 kB
@acorn/desktop:test: dist/client/assets/PluginFrame-UUeLPFvy.js                     7.19 kB │ gzip:   3.12 kB
@acorn/desktop:test: dist/client/assets/ProjectTable-BB3a-Mn8.js                    7.33 kB │ gzip:   2.56 kB
@acorn/desktop:test: dist/client/assets/Timeline-D40OCvm3.js                        7.41 kB │ gzip:   3.37 kB
@acorn/desktop:test: dist/client/assets/pricingClient-BFgqkVC6.js                   7.41 kB │ gzip:   2.59 kB
@acorn/desktop:test: dist/client/assets/Graph-BI8QlQeW.js                           7.43 kB │ gzip:   3.09 kB
@acorn/desktop:test: dist/client/assets/persist-BTsPHolo.js                         7.48 kB │ gzip:   2.92 kB
@acorn/desktop:test: dist/client/assets/AgentSessionDefaultsSettings-Hc77sNR6.js    7.77 kB │ gzip:   2.74 kB
@acorn/desktop:test: dist/client/assets/navigationCommands--66Il6xG.js              7.82 kB │ gzip:   3.08 kB
@acorn/desktop:test: dist/client/assets/panes-D9Ev_YE-.js                           7.83 kB │ gzip:   3.73 kB
@acorn/desktop:test: dist/client/assets/chromeData-BqD8NX0v.js                      7.89 kB │ gzip:   2.92 kB
@acorn/desktop:test: dist/client/assets/libesm-BPa4NziU.js                          8.25 kB │ gzip:   3.04 kB
@acorn/desktop:test: dist/client/assets/CustomAgentsSettings-ddarcJTW.js            8.29 kB │ gzip:   3.09 kB
@acorn/desktop:test: dist/client/assets/AgentCenter-DtqUZP6H.js                     8.72 kB │ gzip:   3.27 kB
@acorn/desktop:test: dist/client/assets/ContainerDetail-BfLh3vQl.js                 9.18 kB │ gzip:   3.57 kB
@acorn/desktop:test: dist/client/assets/AgentTaskSidebar-DAE_UpWw.js                9.22 kB │ gzip:   2.86 kB
@acorn/desktop:test: dist/client/assets/PluginTrustDialog-CM7PZno-.js               9.23 kB │ gzip:   3.39 kB
@acorn/desktop:test: dist/client/assets/permissions-BuTE-wit.js                     9.80 kB │ gzip:   3.59 kB
@acorn/desktop:test: dist/client/assets/PrPane-B-GGqF9O.js                         10.05 kB │ gzip:   3.91 kB
@acorn/desktop:test: dist/client/assets/AgentMcpServersSettings-DxinnSux.js        10.06 kB │ gzip:   3.67 kB
@acorn/desktop:test: dist/client/assets/SchedulesSettings-DPrxgMml.js              10.15 kB │ gzip:   3.59 kB
@acorn/desktop:test: dist/client/assets/draftStore-7yrT7MID.js                     10.15 kB │ gzip:   4.09 kB
@acorn/desktop:test: dist/client/assets/yaml-DijMHRDA.js                           10.49 kB │ gzip:   2.26 kB
@acorn/desktop:test: dist/client/assets/AgentLimitsSettings-DrAgaCKg.js            10.86 kB │ gzip:   3.48 kB
@acorn/desktop:test: dist/client/assets/public-4Gq8FDXy.js                         10.88 kB │ gzip:   3.78 kB
@acorn/desktop:test: dist/client/assets/sessionStore-0fDSUWgf.js                   10.97 kB │ gzip:   4.19 kB
@acorn/desktop:test: dist/client/assets/github-light-EUqPIrTm.js                   11.18 kB │ gzip:   2.49 kB
@acorn/desktop:test: dist/client/assets/github-dark-C-LZuMrd.js                    11.40 kB │ gzip:   2.53 kB
@acorn/desktop:test: dist/client/assets/dist-H0dDKqnj.js                           11.55 kB │ gzip:   5.17 kB
@acorn/desktop:test: dist/client/assets/DockerBrowse-B3ch2uUn.js                   11.65 kB │ gzip:   3.58 kB
@acorn/desktop:test: dist/client/assets/ConnectionsPage-BZHqraDl.js                12.44 kB │ gzip:   4.06 kB
@acorn/desktop:test: dist/client/assets/AgentPane-CWUL6btn.js                      13.63 kB │ gzip:   4.76 kB
@acorn/desktop:test: dist/client/assets/dist-CSEOOA9M.js                           13.73 kB │ gzip:   5.93 kB
@acorn/desktop:test: dist/client/assets/OnboardingWizard-DR6-YqWV.js               13.77 kB │ gzip:   5.23 kB
@acorn/desktop:test: dist/client/assets/SettingsView-BNNeaHZl.js                   14.33 kB │ gzip:   5.55 kB
@acorn/desktop:test: dist/client/assets/dist-Cpk7S10R.js                           14.34 kB │ gzip:   5.77 kB
@acorn/desktop:test: dist/client/assets/rust-Cfkwpbl8.js                           15.06 kB │ gzip:   2.71 kB
@acorn/desktop:test: dist/client/assets/FindingsBundleReview-BtKQpRSl.js           15.37 kB │ gzip:   4.46 kB
@acorn/desktop:test: dist/client/assets/GithubBrowse-CwFTYNk8.js                   16.34 kB │ gzip:   6.54 kB
@acorn/desktop:test: dist/client/assets/ChangesPane-BH3m5l-M.js                    17.32 kB │ gzip:   5.29 kB
@acorn/desktop:test: dist/client/assets/DiffRows-Cd42wtce.js                       18.93 kB │ gzip:   6.27 kB
@acorn/desktop:test: dist/client/assets/NodesSettings-C9OFvE9W.js                  20.31 kB │ gzip:   7.07 kB
@acorn/desktop:test: dist/client/assets/EditorPane-DIx8HCyg.js                     20.40 kB │ gzip:   8.43 kB
@acorn/desktop:test: dist/client/assets/apiClient-DmHgBs9L.js                      21.25 kB │ gzip:   8.26 kB
@acorn/desktop:test: dist/client/assets/ProjectSettings-CXY2KQVK.js                22.07 kB │ gzip:   7.00 kB
@acorn/desktop:test: dist/client/assets/sql-CP0rg-5b.js                            23.41 kB │ gzip:   7.45 kB
@acorn/desktop:test: dist/client/assets/WorkflowsBrowse-DbB1vxW5.js                23.45 kB │ gzip:   7.59 kB
@acorn/desktop:test: dist/client/assets/RemoteTree-Mmq8i0cG.js                     23.87 kB │ gzip:   8.43 kB
@acorn/desktop:test: dist/client/assets/PluginsSettings-usSE_zS3.js                24.11 kB │ gzip:   7.71 kB
@acorn/desktop:test: dist/client/assets/Icon-o5eHUo1N.js                           24.33 kB │ gzip:   7.29 kB
@acorn/desktop:test: dist/client/assets/Rows-DyM9ACk8.js                           26.45 kB │ gzip:   8.08 kB
@acorn/desktop:test: dist/client/assets/dist-DeooXfW9.js                           26.46 kB │ gzip:   8.68 kB
@acorn/desktop:test: dist/client/assets/dist-D1P2lYPf.js                           26.83 kB │ gzip:  12.70 kB
@acorn/desktop:test: dist/client/assets/java-BtIQNnN0.js                           27.20 kB │ gzip:   4.25 kB
@acorn/desktop:test: dist/client/assets/scss-DHtrkMkT.js                           27.20 kB │ gzip:   4.18 kB
@acorn/desktop:test: dist/client/assets/dist-BJUTN3ST.js                           28.36 kB │ gzip:  11.51 kB
@acorn/desktop:test: dist/client/assets/web-6-NtIblv.js                            28.86 kB │ gzip:  11.14 kB
@acorn/desktop:test: dist/client/assets/dist-eAWARNr5.js                           30.73 kB │ gzip:  12.74 kB
@acorn/desktop:test: dist/client/assets/prSections-whXNCzXk.js                     30.96 kB │ gzip:   9.73 kB
@acorn/desktop:test: dist/client/assets/NodeDetail-Ct6AT7XV.js                     31.03 kB │ gzip:   8.13 kB
@acorn/desktop:test: dist/client/assets/AgentEventCard-CV3J7CHH.js                 31.92 kB │ gzip:   9.61 kB
@acorn/desktop:test: dist/client/assets/SourceQueryEditor-Di6B2vjQ.js              37.31 kB │ gzip:  11.60 kB
@acorn/desktop:test: dist/client/assets/dist-CS9_-PUo.js                           39.72 kB │ gzip:  11.80 kB
@acorn/desktop:test: dist/client/assets/AgentConversation-BV1521Xw.js              40.69 kB │ gzip:  13.22 kB
@acorn/desktop:test: dist/client/assets/dist-CS70WoCz.js                           40.71 kB │ gzip:  16.94 kB
@acorn/desktop:test: dist/client/assets/shellscript-CqHdAlCp.js                    41.46 kB │ gzip:   6.07 kB
@acorn/desktop:test: dist/client/assets/dist-CreDIddp.js                           43.89 kB │ gzip:  15.14 kB
@acorn/desktop:test: dist/client/assets/dist-g9_qYQbp.js                           44.58 kB │ gzip:  19.33 kB
@acorn/desktop:test: dist/client/assets/DiffPane-CG9Hz8zm.js                       45.56 kB │ gzip:  16.64 kB
@acorn/desktop:test: dist/client/assets/go-rLFTqkRN.js                             46.81 kB │ gzip:   5.14 kB
@acorn/desktop:test: dist/client/assets/css-LbU1hoFO.js                            49.02 kB │ gzip:  11.90 kB
@acorn/desktop:test: dist/client/assets/html-BcACZWSP.js                           57.24 kB │ gzip:  11.74 kB
@acorn/desktop:test: dist/client/assets/PanelGrid-Bj3VC1fJ.js                      57.41 kB │ gzip:  18.84 kB
@acorn/desktop:test: dist/client/assets/markdown-BYOwaDjH.js                       59.32 kB │ gzip:   5.66 kB
@acorn/desktop:test: dist/client/assets/python-gzcpVVnB.js                         69.94 kB │ gzip:   9.09 kB
@acorn/desktop:test: dist/client/assets/dist-C98JyTPb.js                           70.78 kB │ gzip:  26.09 kB
@acorn/desktop:test: dist/client/assets/WorkflowEditor-DHusxepJ.js                 72.06 kB │ gzip:  19.27 kB
@acorn/desktop:test: dist/client/assets/c-SSSlmE39.js                              72.10 kB │ gzip:  10.49 kB
@acorn/desktop:test: dist/client/assets/install-DYj7GkU1.js                        82.53 kB │ gzip:  24.61 kB
@acorn/desktop:test: dist/client/assets/dist-DaPy8QHp.js                           84.62 kB │ gzip:  33.75 kB
@acorn/desktop:test: dist/client/assets/emitter-BWUYWJ8n.js                        84.93 kB │ gzip:  23.82 kB
@acorn/desktop:test: dist/client/assets/ruby-BhrksQMt.js                           88.07 kB │ gzip:  11.90 kB
@acorn/desktop:test: dist/client/assets/distribution-L7Sym5b9.js                   93.60 kB │ gzip:  30.51 kB
@acorn/desktop:test: dist/client/assets/viewState-CfqBoa6K.js                      96.24 kB │ gzip:  31.48 kB
@acorn/desktop:test: dist/client/assets/less-DVTAwKKz.js                           97.62 kB │ gzip:  14.84 kB
@acorn/desktop:test: dist/client/assets/dist-HiDESoBo.js                          103.89 kB │ gzip:  34.75 kB
@acorn/desktop:test: dist/client/assets/TerminalPanel-DuNk4tP5.js                 110.62 kB │ gzip:  29.52 kB
@acorn/desktop:test: dist/client/assets/shiki-BAO2WipY.js                         162.79 kB │ gzip:  53.82 kB
@acorn/desktop:test: dist/client/assets/javascript-BzbQS41l.js                    174.81 kB │ gzip:  16.62 kB
@acorn/desktop:test: dist/client/assets/tsx-BOvsFOI6.js                           175.52 kB │ gzip:  16.61 kB
@acorn/desktop:test: dist/client/assets/jsx-D3KKoC5L.js                           177.77 kB │ gzip:  16.70 kB
@acorn/desktop:test: dist/client/assets/typescript-j_1H8WHN.js                    181.06 kB │ gzip:  16.23 kB
@acorn/desktop:test: dist/client/assets/xterm-CKrD01wN.js                         287.23 kB │ gzip:  67.82 kB
@acorn/desktop:test: dist/client/assets/dist-DMAftjod.js                          313.34 kB │ gzip: 101.58 kB
@acorn/desktop:test: dist/client/assets/index-BtkAzCY3.js                         358.75 kB │ gzip: 121.05 kB
@acorn/desktop:test: dist/client/assets/icon-nodes-B_Udu2aO.js                    368.66 kB │ gzip:  80.34 kB
@acorn/desktop:test: dist/client/assets/cpp-BGdv8dzs.js                           637.54 kB │ gzip:  50.48 kB
@acorn/desktop:test: 
@acorn/desktop:test: ✓ built in 18.02s
@acorn/desktop:test: [plugin builtin:vite-reporter] 
@acorn/desktop:test: (!) Some chunks are larger than 500 kB after minification. Consider:
@acorn/desktop:test: - Using dynamic import() to code-split the application
@acorn/desktop:test: - Use build.rolldownOptions.output.codeSplitting to improve chunking: https://rolldown.rs/reference/OutputOptions.codeSplitting
@acorn/desktop:test: - Adjust chunk size limit for this warning via build.chunkSizeWarningLimit.
@acorn/client-core:test:  ❯ |logic| src/testkit/largeDiff.test.ts (6 tests | 1 failed) 13654ms
@acorn/client-core:test:      × describes every file with the counts its rows actually have 6471ms
@acorn/desktop:test: $ vitest run --exclude test/boot.test.ts && pnpm run test:boot && cargo test --manifest-path src-tauri/Cargo.toml
@acorn/desktop:test: 
@acorn/desktop:test:  RUN  v4.1.11 /Users/jamesmacfie/Source/acorn/apps/node/.acorn/worktrees/jamesmacfie-acorn-performance/apps/desktop
@acorn/desktop:test: 
@acorn/plugin-agents:test: 
@acorn/plugin-agents:test: ⎯⎯⎯⎯⎯⎯⎯ Failed Tests 1 ⎯⎯⎯⎯⎯⎯⎯
@acorn/plugin-agents:test: 
@acorn/plugin-agents:test:  FAIL  |logic| src/server/sessions/footprint.test.ts > the process table > finds this test process in the real table
@acorn/plugin-agents:test: AssertionError: expected undefined to be 7822 // Object.is equality
@acorn/plugin-agents:test: 
@acorn/plugin-agents:test: - Expected:
@acorn/plugin-agents:test: 7822
@acorn/plugin-agents:test: 
@acorn/plugin-agents:test: + Received:
@acorn/plugin-agents:test: undefined
@acorn/plugin-agents:test: 
@acorn/plugin-agents:test:  ❯ src/server/sessions/footprint.test.ts:21:26
@acorn/plugin-agents:test: 
@acorn/plugin-agents:test:      19|       const rows = await listProcesses(ctx.core.proc)
@acorn/plugin-agents:test:      20|       const self = rows?.find((row) => row.pid === process.pid)
@acorn/plugin-agents:test:      21|       expect(self?.ppid).toBe(process.ppid)
@acorn/plugin-agents:test:        |                          ^
@acorn/plugin-agents:test:      22|       expect(self?.rssBytes).toBeGreaterThan(0)
@acorn/plugin-agents:test:      23|     } finally {
@acorn/plugin-agents:test: 
@acorn/plugin-agents:test: ⎯⎯⎯⎯⎯⎯⎯⎯⎯⎯⎯⎯⎯⎯⎯⎯⎯⎯⎯⎯⎯⎯⎯⎯[1/1]⎯
@acorn/plugin-agents:test: 
@acorn/plugin-agents:test:  Test Files  1 failed | 144 passed (145)
@acorn/plugin-agents:test:       Tests  1 failed | 1022 passed | 1 skipped (1024)
@acorn/plugin-agents:test:    Start at  12:58:15
@acorn/plugin-agents:test:    Duration  139.32s (transform 13.47s, setup 498ms, import 214.00s, tests 95.02s, environment 42.12s)
@acorn/plugin-agents:test: 
@acorn/plugin-agents:test:  ELIFECYCLE  Test failed. See above for more details.
@acorn/plugin-agents#test:  WARNING  command finished with error, but continuing...
@acorn/desktop:test:  ❯ |shell| src/helper/rendererConnection.test.ts (6 tests | 6 failed) 14ms
@acorn/desktop:test:      × filters explicit interest per socket through fleet reads, cleanup sends, malformed calls, and cached switches 10ms
@acorn/desktop:test:      × isolates equal request IDs and aborts only a disconnected renderer 1ms
@acorn/desktop:test:      × keeps legacy wildcard interest but a modern fetch-only observer receives statuses without opening a lease 1ms
@acorn/desktop:test:      × encodes only once for eligible recipients and does no payload work for inactive or missing viewers 1ms
@acorn/desktop:test:      × targets transport refusals to the requesting renderer while retaining sibling status delivery 0ms
@acorn/desktop:test:      × does not access a late response body after close and clears completed request ownership 0ms
@acorn/desktop:test:  ❯ |shell| src/helper/helperServer.test.ts (10 tests | 10 failed) 119ms
@acorn/desktop:test:    × accepts a device configuration patch over the helper socket 25ms
@acorn/desktop:test:      × refuses a node presenting an identity the provider did not vouch for 4ms
@acorn/desktop:test:      × pairs a matching node and keeps the device token out of the reply 1ms
@acorn/desktop:test:    × refuses a multibyte secret safely and then accepts the valid secret and origin 0ms
@acorn/desktop:test:    × closes an oversized request with 1009 before dispatch, then shuts down promptly 2ms
@acorn/desktop:test:    × does not apply the incoming carrier limit to a larger helper reply 0ms
@acorn/desktop:test:    × terminates an oversized peer still waiting in its closing handshake during helper disposal 41ms
@acorn/desktop:test:      × drops a frame from a node the renderer is not addressing, and keeps every node's status 5ms
@acorn/desktop:test:      × forwards every node until the renderer has named one 0ms
@acorn/desktop:test:      × follows the renderer to a new node 38ms
@acorn/desktop:test:  ❯ |shell| scripts/agent/webdriver.test.mjs (2 tests | 2 failed) 42ms
@acorn/desktop:test:      × creates one session and sends element actions to it 39ms
@acorn/desktop:test:      × writes screenshots returned by the driver 2ms
@acorn/desktop:test:  ❯ |shell| scripts/agent/nativeApp.test.mjs (4 tests | 1 failed) 521ms
@acorn/desktop:test:      × reports the live target and the sessions that share its identity 33ms
@acorn/desktop:test: 
@acorn/desktop:test: ⎯⎯⎯⎯⎯⎯ Failed Tests 19 ⎯⎯⎯⎯⎯⎯⎯
@acorn/desktop:test: 
@acorn/desktop:test:  FAIL  |shell| scripts/agent/nativeApp.test.mjs > finding the window a session launched > reports the live target and the sessions that share its identity
@acorn/desktop:test: Error: Agent session mine no longer owns process 36752. Start the session again.
@acorn/desktop:test:  ❯ requireSessionApp scripts/agent/nativeApp.mjs:90:11
@acorn/desktop:test:      88|   if (process.platform === 'win32') return
@acorn/desktop:test:      89|   if (!isSessionApp(await processInfo(manifest.appPid), manifest)) {
@acorn/desktop:test:      90|     throw new Error(`Agent session ${manifest.name} no longer owns pro…
@acorn/desktop:test:        |           ^
@acorn/desktop:test:      91|   }
@acorn/desktop:test:      92| }
@acorn/desktop:test:  ❯ nativeTarget scripts/agent/nativeApp.mjs:100:3
@acorn/desktop:test:  ❯ scripts/agent/nativeApp.test.mjs:55:12
@acorn/desktop:test: 
@acorn/desktop:test: ⎯⎯⎯⎯⎯⎯⎯⎯⎯⎯⎯⎯⎯⎯⎯⎯⎯⎯⎯⎯⎯⎯⎯[1/19]⎯
@acorn/desktop:test: 
@acorn/desktop:test:  FAIL  |shell| scripts/agent/webdriver.test.mjs > WebDriverClient > creates one session and sends element actions to it
@acorn/desktop:test:  FAIL  |shell| scripts/agent/webdriver.test.mjs > WebDriverClient > writes screenshots returned by the driver
@acorn/desktop:test:  FAIL  |shell| src/helper/helperServer.test.ts > accepts a device configuration patch over the helper socket
@acorn/desktop:test:  FAIL  |shell| src/helper/helperServer.test.ts > node-adopt checks the vouched fingerprint against the certificate > refuses a node presenting an identity the provider did not vouch for
@acorn/desktop:test:  FAIL  |shell| src/helper/helperServer.test.ts > node-adopt checks the vouched fingerprint against the certificate > pairs a matching node and keeps the device token out of the reply
@acorn/desktop:test:  FAIL  |shell| src/helper/helperServer.test.ts > refuses a multibyte secret safely and then accepts the valid secret and origin
@acorn/desktop:test:  FAIL  |shell| src/helper/helperServer.test.ts > closes an oversized request with 1009 before dispatch, then shuts down promptly
@acorn/desktop:test:  FAIL  |shell| src/helper/helperServer.test.ts > does not apply the incoming carrier limit to a larger helper reply
@acorn/desktop:test:  FAIL  |shell| src/helper/helperServer.test.ts > terminates an oversized peer still waiting in its closing handshake during helper disposal
@acorn/desktop:test:  FAIL  |shell| src/helper/helperServer.test.ts > the helper forwards only the active node > drops a frame from a node the renderer is not addressing, and keeps every node's status
@acorn/desktop:test:  FAIL  |shell| src/helper/helperServer.test.ts > the helper forwards only the active node > forwards every node until the renderer has named one
@acorn/desktop:test:  FAIL  |shell| src/helper/helperServer.test.ts > the helper forwards only the active node > follows the renderer to a new node
@acorn/desktop:test: Error: listen EPERM: operation not permitted 127.0.0.1
@acorn/desktop:test: ⎯⎯⎯⎯⎯⎯⎯⎯⎯⎯⎯⎯⎯⎯⎯⎯⎯⎯⎯⎯⎯⎯⎯[2/19]⎯
@acorn/desktop:test: 
@acorn/desktop:test:  FAIL  |shell| src/helper/rendererConnection.test.ts > renderer socket ownership > filters explicit interest per socket through fleet reads, cleanup sends, malformed calls, and cached switches
@acorn/desktop:test: TypeError: Cannot read properties of undefined (reading 'watch')
@acorn/desktop:test:  ❯ startHelperServer src/helper/helperServer.ts:118:41
@acorn/desktop:test: 
@acorn/desktop:test:     116|     }
@acorn/desktop:test:  Test Files  4 failed | 22 passed (26)
@acorn/desktop:test:       Tests  19 failed | 136 passed (155)
@acorn/desktop:test:    Start at  13:00:25
@acorn/desktop:test:    Duration  31.83s (transform 22.50s, setup 168ms, import 33.71s, tests 53.21s, environment 2ms)
@acorn/desktop:test: 
@acorn/desktop:test:     117|   }
@acorn/desktop:test:     118|   const stopConfigWatch = helper.config.watch((state) => push({ push: …
@acorn/desktop:test:        |                                         ^
@acorn/desktop:test:     119|
@acorn/desktop:test:     120|   // The same filter as `push` above, and the same reason: an N-node f…
@acorn/desktop:test:  ❯ fixture src/helper/rendererConnection.test.ts:36:24
@acorn/desktop:test:  ❯ src/helper/rendererConnection.test.ts:63:21
@acorn/desktop:test: 
@acorn/desktop:test: ⎯⎯⎯⎯⎯⎯⎯⎯⎯⎯⎯⎯⎯⎯⎯⎯⎯⎯⎯⎯⎯⎯⎯[3/19]⎯
@acorn/desktop:test: 
@acorn/desktop:test:  FAIL  |shell| src/helper/rendererConnection.test.ts > renderer socket ownership > isolates equal request IDs and aborts only a disconnected renderer
@acorn/desktop:test: TypeError: Cannot read properties of undefined (reading 'watch')
@acorn/desktop:test:  ❯ startHelperServer src/helper/helperServer.ts:118:41
@acorn/desktop:test:     116|     }
@acorn/desktop:test:     117|   }
@acorn/desktop:test:     118|   const stopConfigWatch = helper.config.watch((state) => push({ push: …
@acorn/desktop:test:        |                                         ^
@acorn/desktop:test:     119|
@acorn/desktop:test:     120|   // The same filter as `push` above, and the same reason: an N-node f…
@acorn/desktop:test:  ❯ fixture src/helper/rendererConnection.test.ts:36:24
@acorn/desktop:test:  ❯ src/helper/rendererConnection.test.ts:92:21
@acorn/desktop:test: 
@acorn/desktop:test: ⎯⎯⎯⎯⎯⎯⎯⎯⎯⎯⎯⎯⎯⎯⎯⎯⎯⎯⎯⎯⎯⎯⎯[4/19]⎯
@acorn/desktop:test: 
@acorn/desktop:test:  FAIL  |shell| src/helper/rendererConnection.test.ts > renderer socket ownership > keeps legacy wildcard interest but a modern fetch-only observer receives statuses without opening a lease
@acorn/desktop:test: TypeError: Cannot read properties of undefined (reading 'watch')
@acorn/desktop:test:  ❯ startHelperServer src/helper/helperServer.ts:118:41
@acorn/desktop:test:     116|     }
@acorn/desktop:test:     117|   }
@acorn/desktop:test:     118|   const stopConfigWatch = helper.config.watch((state) => push({ push: …
@acorn/desktop:test:        |                                         ^
@acorn/desktop:test:     119|
@acorn/desktop:test:     120|   // The same filter as `push` above, and the same reason: an N-node f…
@acorn/desktop:test:  ❯ fixture src/helper/rendererConnection.test.ts:36:24
@acorn/desktop:test:  ❯ src/helper/rendererConnection.test.ts:111:21
@acorn/desktop:test: 
@acorn/desktop:test: ⎯⎯⎯⎯⎯⎯⎯⎯⎯⎯⎯⎯⎯⎯⎯⎯⎯⎯⎯⎯⎯⎯⎯[5/19]⎯
@acorn/desktop:test: 
@acorn/desktop:test:  FAIL  |shell| src/helper/rendererConnection.test.ts > renderer socket ownership > encodes only once for eligible recipients and does no payload work for inactive or missing viewers
@acorn/desktop:test: TypeError: Cannot read properties of undefined (reading 'watch')
@acorn/desktop:test:  ❯ startHelperServer src/helper/helperServer.ts:118:41
@acorn/desktop:test:     116|     }
@acorn/desktop:test:     117|   }
@acorn/desktop:test:     118|   const stopConfigWatch = helper.config.watch((state) => push({ push: …
@acorn/desktop:test:        |                                         ^
@acorn/desktop:test:     119|
@acorn/desktop:test:     120|   // The same filter as `push` above, and the same reason: an N-node f…
@acorn/desktop:test:  ❯ fixture src/helper/rendererConnection.test.ts:36:24
@acorn/desktop:test:  ❯ src/helper/rendererConnection.test.ts:127:21
@acorn/desktop:test: 
@acorn/desktop:test: ⎯⎯⎯⎯⎯⎯⎯⎯⎯⎯⎯⎯⎯⎯⎯⎯⎯⎯⎯⎯⎯⎯⎯[6/19]⎯
@acorn/desktop:test: 
@acorn/desktop:test:  FAIL  |shell| src/helper/rendererConnection.test.ts > renderer socket ownership > targets transport refusals to the requesting renderer while retaining sibling status delivery
@acorn/desktop:test: TypeError: Cannot read properties of undefined (reading 'watch')
@acorn/desktop:test:  ❯ startHelperServer src/helper/helperServer.ts:118:41
@acorn/desktop:test:     116|     }
@acorn/desktop:test:     117|   }
@acorn/desktop:test:     118|   const stopConfigWatch = helper.config.watch((state) => push({ push: …
@acorn/desktop:test:        |                                         ^
@acorn/desktop:test:     119|
@acorn/desktop:test:     120|   // The same filter as `push` above, and the same reason: an N-node f…
@acorn/desktop:test:  ❯ fixture src/helper/rendererConnection.test.ts:36:24
@acorn/desktop:test:  ❯ src/helper/rendererConnection.test.ts:148:21
@acorn/desktop:test: 
@acorn/desktop:test: ⎯⎯⎯⎯⎯⎯⎯⎯⎯⎯⎯⎯⎯⎯⎯⎯⎯⎯⎯⎯⎯⎯⎯[7/19]⎯
@acorn/desktop:test: 
@acorn/desktop:test:  FAIL  |shell| src/helper/rendererConnection.test.ts > renderer socket ownership > does not access a late response body after close and clears completed request ownership
@acorn/desktop:test: TypeError: Cannot read properties of undefined (reading 'watch')
@acorn/desktop:test:  ❯ startHelperServer src/helper/helperServer.ts:118:41
@acorn/desktop:test:     116|     }
@acorn/desktop:test:     117|   }
@acorn/desktop:test:     118|   const stopConfigWatch = helper.config.watch((state) => push({ push: …
@acorn/desktop:test:        |                                         ^
@acorn/desktop:test:     119|
@acorn/desktop:test:     120|   // The same filter as `push` above, and the same reason: an N-node f…
@acorn/desktop:test:  ❯ fixture src/helper/rendererConnection.test.ts:36:24
@acorn/desktop:test:  ❯ src/helper/rendererConnection.test.ts:162:21
@acorn/desktop:test: 
@acorn/desktop:test: ⎯⎯⎯⎯⎯⎯⎯⎯⎯⎯⎯⎯⎯⎯⎯⎯⎯⎯⎯⎯⎯⎯⎯[8/19]⎯
@acorn/desktop:test: 
@acorn/desktop:test:  ELIFECYCLE  Command failed with exit code 1.
@acorn/desktop:test:  ELIFECYCLE  Test failed. See above for more details.
@acorn/desktop#test:  WARNING  command finished with error, but continuing...
@acorn/client-core:test: 
@acorn/client-core:test: ⎯⎯⎯⎯⎯⎯⎯ Failed Tests 3 ⎯⎯⎯⎯⎯⎯⎯
@acorn/client-core:test: 
@acorn/client-core:test:  FAIL  |logic| src/testkit/largeDiff.test.ts > the large-diff fixture as a segmented document > describes every file with the counts its rows actually have
@acorn/client-core:test: Error: Test timed out in 5000ms.
@acorn/client-core:test: If this is a long-running test, pass a timeout value as the last argument or configure it globally with "testTimeout".
@acorn/client-core:test:  ❯ src/testkit/largeDiff.test.ts:85:3
@acorn/client-core:test:      83| // renderer draws a segment with: the counts a topology carries have t…
@acorn/client-core:test:      84| describe('the large-diff fixture as a segmented document', () => {
@acorn/client-core:test:      85|   it('describes every file with the counts its rows actually have', ()…
@acorn/client-core:test:        |   ^
@acorn/client-core:test:      86|     for (const file of largeDiffFiles('scale', 1)) {
@acorn/client-core:test:      87|       const doc = fileDocument(file.path, file.patch)
@acorn/client-core:test: 
@acorn/client-core:test: ⎯⎯⎯⎯⎯⎯⎯⎯⎯⎯⎯⎯⎯⎯⎯⎯⎯⎯⎯⎯⎯⎯⎯⎯[1/3]⎯
@acorn/client-core:test: 
@acorn/client-core:test:  FAIL  |logic| src/kit/diff/layoutIndex.test.ts > the diff layout index > matches a slow reference through inserts, resizes, removals, collapse, expansion and a change of projection
@acorn/client-core:test: Error: Test timed out in 5000ms.
@acorn/client-core:test: If this is a long-running test, pass a timeout value as the last argument or configure it globally with "testTimeout".
@acorn/client-core:test:  ❯ src/kit/diff/layoutIndex.test.ts:127:3
@acorn/client-core:test:     125|   })
@acorn/client-core:test:     126|
@acorn/client-core:test:     127|   it('matches a slow reference through inserts, resizes, removals, col…
@acorn/client-core:test:        |   ^
@acorn/client-core:test:     128|     const next = random(21)
@acorn/client-core:test:     129|     for (let round = 0; round < 40; round++) {
@acorn/client-core:test: 
@acorn/client-core:test: ⎯⎯⎯⎯⎯⎯⎯⎯⎯⎯⎯⎯⎯⎯⎯⎯⎯⎯⎯⎯⎯⎯⎯⎯[2/3]⎯
@acorn/client-core:test: 
@acorn/client-core:test:  FAIL  |hosts| src/features/diff/DiffPane.test.tsx > resident segments > draws colour a timeout decided, and colours it again on the next visit
@acorn/client-core:test: AssertionError: expected false to be true // Object.is equality
@acorn/client-core:test: 
@acorn/client-core:test: - Expected
@acorn/client-core:test: + Received
@acorn/client-core:test: 
@acorn/client-core:test: - true
@acorn/client-core:test: + false
@acorn/client-core:test: 
@acorn/client-core:test:  ❯ src/features/diff/DiffPane.test.tsx:275:69
@acorn/client-core:test:     273|       .filter((entry) => entry?.enriched))
@acorn/client-core:test:     274|     expect(coloured.length).toBeGreaterThan(0)
@acorn/client-core:test:     275|     expect(coloured.every((entry) => entry!.provisional === false)).to…
@acorn/client-core:test:        |                                                                     ^
@acorn/client-core:test:     276|   }, 20_000)
@acorn/client-core:test:     277|
@acorn/client-core:test: 
@acorn/client-core:test: ⎯⎯⎯⎯⎯⎯⎯⎯⎯⎯⎯⎯⎯⎯⎯⎯⎯⎯⎯⎯⎯⎯⎯⎯[3/3]⎯
@acorn/client-core:test: 
@acorn/client-core:test: 
@acorn/client-core:test:  Test Files  3 failed | 291 passed (294)
@acorn/client-core:test:       Tests  3 failed | 2243 passed (2246)
@acorn/client-core:test:    Start at  12:58:15
@acorn/client-core:test:    Duration  169.46s (transform 12.90s, setup 3.76s, import 111.47s, tests 81.60s, environment 202.21s)
@acorn/client-core:test: 
@acorn/client-core:test:  ELIFECYCLE  Test failed. See above for more details.
@acorn/client-core#test:  WARNING  command finished with error, but continuing...
@acorn/tui:test: 
@acorn/tui:test: ⎯⎯⎯⎯⎯⎯ Failed Suites 1 ⎯⎯⎯⎯⎯⎯⎯
@acorn/tui:test: 
@acorn/tui:test:  FAIL  src/node/boot.test.ts [ src/node/boot.test.ts ]
@acorn/tui:test: Error: The node exited with code 1 before it was listening.
@acorn/tui:test: [plugins] ACORN_BUNDLED_PLUGINS_DIR is unset, so bundled packages are not reconciled. Whatever is in the data root keeps running.
@acorn/tui:test: [crash] uncaughtException: Error: listen EPERM: operation not permitted 127.0.0.1     at Server.setupListenHandle [as _listen2] (node:net:2306:21)     at listenInCluster (node:net:2437:12)     at node:net:2666:7     at process.processTicksAndRejections (node:internal/process/task_queues:90:21)
@acorn/tui:test:  ❯ src/node/open.ts:108:13
@acorn/tui:test:     106|     const handshake = await starting.catch((error: unknown) => {
@acorn/tui:test:     107|       const said = error instanceof Error ? error.message : String(err…
@acorn/tui:test:     108|       throw new Error(node.held.length ? `${said}\n${node.held.join('\…
@acorn/tui:test:        |             ^
@acorn/tui:test:     109|     })
@acorn/tui:test:     110|     return done(handshake.nodeId, true, node.stop)
@acorn/tui:test:  ❯ openNode src/node/open.ts:106:23
@acorn/tui:test:  ❯ src/node/boot.test.ts:53:12
@acorn/tui:test: 
@acorn/tui:test: ⎯⎯⎯⎯⎯⎯⎯⎯⎯⎯⎯⎯⎯⎯⎯⎯⎯⎯⎯⎯⎯⎯⎯⎯[1/1]⎯
@acorn/tui:test: 
@acorn/tui:test: 
@acorn/tui:test:  Test Files  1 failed | 64 passed (65)
@acorn/tui:test:       Tests  651 passed | 12 skipped (663)
@acorn/tui:test:    Start at  12:58:54
@acorn/tui:test:    Duration  149.81s (transform 14.75s, setup 0ms, import 25.21s, tests 264.93s, environment 4ms)
@acorn/tui:test: 
@acorn/tui:test:  ELIFECYCLE  Test failed. See above for more details.
@acorn/tui#test:  WARNING  command finished with error, but continuing...
 ERROR  @acorn/cli#test: command (/Users/jamesmacfie/Source/acorn/apps/node/.acorn/worktrees/jamesmacfie-acorn-performance/apps/cli) /Users/jamesmacfie/.nvm/versions/node/v24.11.0/bin/pnpm run test exited (1)
 ERROR  @acorn/node#test: command (/Users/jamesmacfie/Source/acorn/apps/node/.acorn/worktrees/jamesmacfie-acorn-performance/apps/node) /Users/jamesmacfie/.nvm/versions/node/v24.11.0/bin/pnpm run test exited (1)
 ERROR  @acorn/plugin-agents#test: command (/Users/jamesmacfie/Source/acorn/apps/node/.acorn/worktrees/jamesmacfie-acorn-performance/plugins/agents) /Users/jamesmacfie/.nvm/versions/node/v24.11.0/bin/pnpm run test exited (1)
 ERROR  @acorn/desktop#test: command (/Users/jamesmacfie/Source/acorn/apps/node/.acorn/worktrees/jamesmacfie-acorn-performance/apps/desktop) /Users/jamesmacfie/.nvm/versions/node/v24.11.0/bin/pnpm run test exited (1)
 ERROR  @acorn/client-core#test: command (/Users/jamesmacfie/Source/acorn/apps/node/.acorn/worktrees/jamesmacfie-acorn-performance/packages/client-core) /Users/jamesmacfie/.nvm/versions/node/v24.11.0/bin/pnpm run test exited (1)
 ERROR  @acorn/tui#test: command (/Users/jamesmacfie/Source/acorn/apps/node/.acorn/worktrees/jamesmacfie-acorn-performance/apps/tui) /Users/jamesmacfie/.nvm/versions/node/v24.11.0/bin/pnpm run test exited (1)

 Tasks:    31 successful, 37 total
Cached:    23 cached, 37 total
  Time:    3m9.562s 
Failed:    @acorn/cli#test, @acorn/client-core#test, @acorn/desktop#test, @acorn/node#test, @acorn/plugin-agents#test, @acorn/tui#test

 ERROR  run failed: command  exited (1)
 ELIFECYCLE  Test failed. See above for more details.
